CELL_LINE,COMBINATION_ID,OBSERVATION
BT-20,ADAM17.AKT,29.54039
CAL-120,ADAM17.AKT,4.40141
CAL-51,ADAM17.AKT,0.3154222
DU-4475,ADAM17.AKT,-41.73409
HCC1143,ADAM17.AKT,35.53277
HCC1187,ADAM17.AKT,-0.801993
HCC1428,ADAM17.AKT,-26.50464
HCC1806,ADAM17.AKT,-26.73325
HCC1937,ADAM17.AKT,32.16552
HCC70,ADAM17.AKT,8.31689
MDA-MB-231,ADAM17.AKT,13.21102
MDA-MB-436,ADAM17.AKT,-4.212955
MDA-MB-453,ADAM17.AKT,16.0498
M14,ADAM17.AKT,30.52659
BT-549,ADAM17.BCL2_BCL2L1,-7.039191
CAL-148,ADAM17.BCL2_BCL2L1,-17.5228
CAMA-1,ADAM17.BCL2_BCL2L1,3.764896
DU-4475,ADAM17.BCL2_BCL2L1,3.335391
HCC1395,ADAM17.BCL2_BCL2L1,-1.784113
HCC1806,ADAM17.BCL2_BCL2L1,2.537269
HCC70,ADAM17.BCL2_BCL2L1,-12.64301
MDA-MB-157,ADAM17.BCL2_BCL2L1,-2.891425
MDA-MB-231,ADAM17.BCL2_BCL2L1,-0.9071024
MDA-MB-436,ADAM17.BCL2_BCL2L1,-1.782822
MDA-MB-468,ADAM17.BCL2_BCL2L1,-8.476032
MFM-223,ADAM17.BCL2_BCL2L1,-11.2459
BT-549,ADAM17.FGFR,-11.91837
CAL-120,ADAM17.FGFR,11.66448
CAL-148,ADAM17.FGFR,-48.27499
HCC1143,ADAM17.FGFR,14.43257
HCC1395,ADAM17.FGFR,3.629126
HCC1937,ADAM17.FGFR,13.61246
HCC38,ADAM17.FGFR,3.676564
MDA-MB-157,ADAM17.FGFR,17.46127
MDA-MB-231,ADAM17.FGFR,-7.882297
MDA-MB-436,ADAM17.FGFR,-18.15411
MDA-MB-453,ADAM17.FGFR,-31.0305
MDA-MB-468,ADAM17.FGFR,-30.44405
M14,ADAM17.FGFR,-32.69373
BT-549,ADAM17.MAP2K_1,-0.1462845
CAL-120,ADAM17.MAP2K_1,-42.75347
CAL-148,ADAM17.MAP2K_1,-9.994246
CAMA-1,ADAM17.MAP2K_1,-1.800398
DU-4475,ADAM17.MAP2K_1,13.91472
HCC1143,ADAM17.MAP2K_1,16.41538
HCC1187,ADAM17.MAP2K_1,-15.21563
HCC1395,ADAM17.MAP2K_1,5.722309
HCC1937,ADAM17.MAP2K_1,11.9905
HCC38,ADAM17.MAP2K_1,5.742608
Hs-578-T,ADAM17.MAP2K_1,-20.70996
MDA-MB-436,ADAM17.MAP2K_1,0.01351545
MDA-MB-453,ADAM17.MAP2K_1,-41.87792
BT-20,ADAM17.MTOR_1,18.30981
CAL-120,ADAM17.MTOR_1,2.971336
CAMA-1,ADAM17.MTOR_1,-10.6617
DU-4475,ADAM17.MTOR_1,28.03853
HCC1143,ADAM17.MTOR_1,6.215895
HCC1187,ADAM17.MTOR_1,-5.601741
HCC1395,ADAM17.MTOR_1,3.001454
HCC1428,ADAM17.MTOR_1,5.565547
HCC1806,ADAM17.MTOR_1,48.54537
HCC38,ADAM17.MTOR_1,1.089017
MDA-MB-231,ADAM17.MTOR_1,13.15388
MDA-MB-436,ADAM17.MTOR_1,6.743824
MDA-MB-453,ADAM17.MTOR_1,-11.08194
M14,ADAM17.MTOR_1,28.46191
CAL-120,ADAM17.PIK3C,-27.5289
CAL-148,ADAM17.PIK3C,8.840474
CAMA-1,ADAM17.PIK3C,-7.76057
HCC1143,ADAM17.PIK3C,17.38199
HCC1806,ADAM17.PIK3C,80.9991
HCC70,ADAM17.PIK3C,36.66062
Hs-578-T,ADAM17.PIK3C,-3.101995
MDA-MB-157,ADAM17.PIK3C,34.97328
MDA-MB-231,ADAM17.PIK3C,5.78087
MDA-MB-453,ADAM17.PIK3C,11.19242
MDA-MB-468,ADAM17.PIK3C,-11.91822
MFM-223,ADAM17.PIK3C,2.272833
M14,ADAM17.PIK3C,37.07141
CAL-148,ADAM17.PIK3CB_PIK3CD,-22.06479
HCC1143,ADAM17.PIK3CB_PIK3CD,34.24538
HCC1187,ADAM17.PIK3CB_PIK3CD,3.157859
HCC1395,ADAM17.PIK3CB_PIK3CD,10.67811
HCC1428,ADAM17.PIK3CB_PIK3CD,8.341717
HCC1806,ADAM17.PIK3CB_PIK3CD,2.673332
HCC38,ADAM17.PIK3CB_PIK3CD,12.29698
Hs-578-T,ADAM17.PIK3CB_PIK3CD,8.182737
MDA-MB-157,ADAM17.PIK3CB_PIK3CD,4.985632
MDA-MB-468,ADAM17.PIK3CB_PIK3CD,13.55083
MFM-223,ADAM17.PIK3CB_PIK3CD,-15.22839
M14,ADAM17.PIK3CB_PIK3CD,31.87283
CAMA-1,AKT.AKT_1,13.01508
MDA-MB-175-VII,AKT.AKT_1,-62.45628
UACC-812,AKT.AKT_1,26.35574
BFTC-905,AKT.ATR_4,-14.1991
HT-1197,AKT.ATR_4,-12.90671
HT-1376,AKT.ATR_4,6.599677
J82,AKT.ATR_4,1.473032
KU-19-19,AKT.ATR_4,-110.0582
SW780,AKT.ATR_4,-10.00055
T-24,AKT.ATR_4,-26.02004
TCCSUP,AKT.ATR_4,-9.940468
Calu-3,AKT.CSNK2A1_2,-29.08981
Calu-6,AKT.CSNK2A1_2,73.02446
DMS-114,AKT.CSNK2A1_2,2.965218
NCI-H1437,AKT.CSNK2A1_2,84.61169
NCI-H1703,AKT.CSNK2A1_2,20.9673
NCI-H1793,AKT.CSNK2A1_2,86.79528
NCI-H2085,AKT.CSNK2A1_2,27.41059
NCI-H2228,AKT.CSNK2A1_2,42.21827
NCI-H226,AKT.CSNK2A1_2,64.27931
NCI-H23,AKT.CSNK2A1_2,24.16315
NCI-H520,AKT.CSNK2A1_2,15.52841
NCI-H522,AKT.CSNK2A1_2,25.75817
CAMA-1,AKT.Chloroquine,13.53424
HCC1419,AKT.Chloroquine,-24.00694
HCC1500,AKT.Chloroquine,4.386597
MCF7,AKT.Chloroquine,24.88766
MDA-MB-175-VII,AKT.Chloroquine,-72.85194
UACC-812,AKT.Chloroquine,-8.967205
647-V,AKT.ERBB,-1.172512
BFTC-905,AKT.ERBB,114.3452
HT-1376,AKT.ERBB,58.82512
J82,AKT.ERBB,23.4819
KU-19-19,AKT.ERBB,-138.7725
VCaP,AKT.ERBB,5.142114
SW780,AKT.ERBB,-253.1437
T-24,AKT.ERBB,-12.38291
UM-UC-3,AKT.ERBB,-4.028207
VM-CUB-1,AKT.ERBB,-1.960764
647-V,AKT.FGFR,-41.87943
KU-19-19,AKT.FGFR,-90.52614
22RV1,AKT.FGFR,-13.81908
22RV1,AKT.FGFR,-3.384268
SW780,AKT.FGFR,-170.9453
T-24,AKT.FGFR,-30.95454
TCCSUP,AKT.FGFR,74.1667
UM-UC-3,AKT.FGFR,-4.248463
VM-CUB-1,AKT.FGFR,-267.1802
BFTC-905,AKT.HDAC_4,2.133099
HCC1419,AKT.HDAC_4,-13.24663
HCC1500,AKT.HDAC_4,-24.86501
HT-1376,AKT.HDAC_4,-12.20187
J82,AKT.HDAC_4,-5.847473
KU-19-19,AKT.HDAC_4,-39.09416
MDA-MB-175-VII,AKT.HDAC_4,-50.90575
SW780,AKT.HDAC_4,20.32464
T-24,AKT.HDAC_4,-9.996189
TCCSUP,AKT.HDAC_4,-16.70528
UACC-812,AKT.HDAC_4,-22.21899
VM-CUB-1,AKT.HDAC_4,1.081226
BT-20,AKT.PIK3CA_4,12.91164
CAL-148,AKT.PIK3CA_4,9.595285
CAMA-1,AKT.PIK3CA_4,10.95871
DU-4475,AKT.PIK3CA_4,22.08577
HCC1187,AKT.PIK3CA_4,2.609344
HCC1937,AKT.PIK3CA_4,2.647406
MDA-MB-157,AKT.PIK3CA_4,-5.720383
MDA-MB-231,AKT.PIK3CA_4,-1.718373
MDA-MB-436,AKT.PIK3CA_4,-9.456454
MDA-MB-453,AKT.PIK3CA_4,6.010587
MFM-223,AKT.PIK3CA_4,6.784097
M14,AKT.PIK3CA_4,-0.7425711
BT-20,AKT.PIK3C_2,3.443067
BT-549,AKT.PIK3C_2,3.142523
CAL-120,AKT.PIK3C_2,-0.5383151
CAMA-1,AKT.PIK3C_2,-15.07413
HCC1143,AKT.PIK3C_2,-18.28101
HCC1428,AKT.PIK3C_2,1.231675
HCC1806,AKT.PIK3C_2,-15.70878
HCC1937,AKT.PIK3C_2,16.42842
HCC38,AKT.PIK3C_2,-2.30333
HCC70,AKT.PIK3C_2,-12.07315
Hs-578-T,AKT.PIK3C_2,0.2284273
MDA-MB-468,AKT.PIK3C_2,3.043114
M14,AKT.PIK3C_2,12.29004
BFTC-905,AKT.TNF,108.1946
HT-1197,AKT.TNF,35.02862
J82,AKT.TNF,37.71558
KU-19-19,AKT.TNF,-105.4095
SW780,AKT.TNF,24.32147
T-24,AKT.TNF,-5.950885
BT-20,AKT.AKT_1,20.26494
CAL-51,AKT.AKT_1,-14.69828
CAMA-1,AKT.AKT_1,4.071763
HCC1187,AKT.AKT_1,10.36244
HCC1428,AKT.AKT_1,9.317672
HCC1806,AKT.AKT_1,7.281745
HCC1937,AKT.AKT_1,2.248126
HCC70,AKT.AKT_1,-15.53357
Hs-578-T,AKT.AKT_1,12.73991
MDA-MB-157,AKT.AKT_1,10.64372
MDA-MB-231,AKT.AKT_1,-1.243352
MDA-MB-436,AKT.AKT_1,-13.70829
MDA-MB-453,AKT.AKT_1,17.30208
MFM-223,AKT.AKT_1,7.25458
M14,AKT.AKT_1,-6.729425
BT-549,AKT_1.PIK3C,22.94989
CAL-120,AKT_1.PIK3C,29.05815
CAMA-1,AKT_1.PIK3C,56.20645
DU-4475,AKT_1.PIK3C,27.79395
HCC1187,AKT_1.PIK3C,39.19775
HCC1806,AKT_1.PIK3C,71.09962
HCC70,AKT_1.PIK3C,48.69135
MDA-MB-157,AKT_1.PIK3C,22.51686
MDA-MB-231,AKT_1.PIK3C,27.26663
MDA-MB-453,AKT_1.PIK3C,34.57878
MDA-MB-468,AKT_1.PIK3C,64.39026
MFM-223,AKT_1.PIK3C,33.47378
CAL-51,AKT_1.PIK3CB_PIK3CD,0.33427
CAMA-1,AKT_1.PIK3CB_PIK3CD,79.41426
DU-4475,AKT_1.PIK3CB_PIK3CD,42.99064
HCC1143,AKT_1.PIK3CB_PIK3CD,-0.561607
HCC1428,AKT_1.PIK3CB_PIK3CD,-6.811293
HCC70,AKT_1.PIK3CB_PIK3CD,57.46938
MDA-MB-157,AKT_1.PIK3CB_PIK3CD,17.86787
MDA-MB-231,AKT_1.PIK3CB_PIK3CD,8.80018
MDA-MB-436,AKT_1.PIK3CB_PIK3CD,11.62825
MDA-MB-453,AKT_1.PIK3CB_PIK3CD,32.99623
MDA-MB-468,AKT_1.PIK3CB_PIK3CD,54.81554
MFM-223,AKT_1.PIK3CB_PIK3CD,49.47563
M14,AKT_1.PIK3CB_PIK3CD,38.00554
CAL-148,AKT_1.PIK3C_2,32.02186
CAL-51,AKT_1.PIK3C_2,27.4007
DU-4475,AKT_1.PIK3C_2,20.95919
HCC1395,AKT_1.PIK3C_2,3.220078
HCC1428,AKT_1.PIK3C_2,1.055999
HCC1806,AKT_1.PIK3C_2,43.48635
HCC38,AKT_1.PIK3C_2,17.88325
HCC70,AKT_1.PIK3C_2,10.23263
Hs-578-T,AKT_1.PIK3C_2,36.18777
MDA-MB-157,AKT_1.PIK3C_2,-7.4713
MDA-MB-231,AKT_1.PIK3C_2,11.91089
MDA-MB-436,AKT_1.PIK3C_2,-7.985494
MFM-223,AKT_1.PIK3C_2,17.62158
BT-20,AKT_SGK.BCL2_BCL2L1,6.61977
BT-549,AKT_SGK.BCL2_BCL2L1,28.28627
CAMA-1,AKT_SGK.BCL2_BCL2L1,33.1404
HCC1143,AKT_SGK.BCL2_BCL2L1,-11.27415
HCC1187,AKT_SGK.BCL2_BCL2L1,11.19432
HCC1428,AKT_SGK.BCL2_BCL2L1,23.92928
HCC70,AKT_SGK.BCL2_BCL2L1,-30.83873
Hs-578-T,AKT_SGK.BCL2_BCL2L1,19.10105
MDA-MB-157,AKT_SGK.BCL2_BCL2L1,20.24033
MDA-MB-436,AKT_SGK.BCL2_BCL2L1,-0.3813019
MDA-MB-468,AKT_SGK.BCL2_BCL2L1,18.89769
M14,AKT_SGK.BCL2_BCL2L1,15.99293
BT-20,AKT_SGK.FGFR,19.64844
CAL-120,AKT_SGK.FGFR,-4.723395
CAL-148,AKT_SGK.FGFR,-7.884005
DU-4475,AKT_SGK.FGFR,-35.27396
HCC1143,AKT_SGK.FGFR,-38.33838
HCC1187,AKT_SGK.FGFR,8.020787
HCC1395,AKT_SGK.FGFR,63.79015
HCC1428,AKT_SGK.FGFR,5.083751
HCC1806,AKT_SGK.FGFR,12.89611
MDA-MB-436,AKT_SGK.FGFR,-11.19866
MDA-MB-453,AKT_SGK.FGFR,-6.49964
MDA-MB-468,AKT_SGK.FGFR,-3.211112
BT-20,AKT_SGK.MAP2K_1,20.09961
BT-549,AKT_SGK.MAP2K_1,28.68771
CAL-148,AKT_SGK.MAP2K_1,6.673409
CAL-51,AKT_SGK.MAP2K_1,9.47785
CAMA-1,AKT_SGK.MAP2K_1,28.05505
DU-4475,AKT_SGK.MAP2K_1,7.070362
HCC1395,AKT_SGK.MAP2K_1,32.23424
HCC1937,AKT_SGK.MAP2K_1,20.91369
HCC38,AKT_SGK.MAP2K_1,-13.19094
HCC70,AKT_SGK.MAP2K_1,34.50574
MFM-223,AKT_SGK.MAP2K_1,17.40815
M14,AKT_SGK.MAP2K_1,9.312902
BT-20,AKT_SGK.PIK3C,17.68523
CAL-120,AKT_SGK.PIK3C,26.76804
CAL-51,AKT_SGK.PIK3C,17.15858
DU-4475,AKT_SGK.PIK3C,-18.41464
HCC1806,AKT_SGK.PIK3C,14.02318
HCC1937,AKT_SGK.PIK3C,10.86356
HCC70,AKT_SGK.PIK3C,4.560273
Hs-578-T,AKT_SGK.PIK3C,-2.879886
MDA-MB-157,AKT_SGK.PIK3C,1.496421
MDA-MB-231,AKT_SGK.PIK3C,16.45965
MFM-223,AKT_SGK.PIK3C,28.35215
M14,AKT_SGK.PIK3C,11.83184
BT-20,AKT.ALK_IGFR,45.51825
CAL-120,AKT.ALK_IGFR,-0.327511
CAL-148,AKT.ALK_IGFR,29.1901
CAMA-1,AKT.ALK_IGFR,31.27616
DU-4475,AKT.ALK_IGFR,-35.5294
HCC1395,AKT.ALK_IGFR,28.49871
Hs-578-T,AKT.ALK_IGFR,39.41124
MDA-MB-157,AKT.ALK_IGFR,53.44158
MDA-MB-231,AKT.ALK_IGFR,10.79615
MDA-MB-436,AKT.ALK_IGFR,-0.8797212
MDA-MB-468,AKT.ALK_IGFR,32.18546
M14,AKT.ALK_IGFR,0.8111451
BT-549,AKT_1.ALK_IGFR,9.032871
CAL-120,AKT_1.ALK_IGFR,-10.4865
CAL-148,AKT_1.ALK_IGFR,-9.584415
CAL-51,AKT_1.ALK_IGFR,4.471512
CAMA-1,AKT_1.ALK_IGFR,5.739879
DU-4475,AKT_1.ALK_IGFR,10.68538
HCC1143,AKT_1.ALK_IGFR,14.53491
HCC1395,AKT_1.ALK_IGFR,11.77991
HCC1428,AKT_1.ALK_IGFR,-20.63159
HCC70,AKT_1.ALK_IGFR,12.89628
MDA-MB-453,AKT_1.ALK_IGFR,-3.880877
MDA-MB-468,AKT_1.ALK_IGFR,28.48793
M14,AKT_1.ALK_IGFR,-14.95205
BT-549,ALK_IGFR.MTOR_1,5.22171
CAL-51,ALK_IGFR.MTOR_1,20.21112
CAMA-1,ALK_IGFR.MTOR_1,28.44153
HCC1187,ALK_IGFR.MTOR_1,13.26753
HCC1428,ALK_IGFR.MTOR_1,-5.774149
HCC1806,ALK_IGFR.MTOR_1,36.16877
HCC38,ALK_IGFR.MTOR_1,30.53991
HCC70,ALK_IGFR.MTOR_1,12.10537
Hs-578-T,ALK_IGFR.MTOR_1,8.068145
MDA-MB-231,ALK_IGFR.MTOR_1,42.25022
MDA-MB-436,ALK_IGFR.MTOR_1,18.19243
MDA-MB-468,ALK_IGFR.MTOR_1,12.077
M14,ALK_IGFR.MTOR_1,5.749554
BT-549,ALK_IGFR.PIK3CB_PIK3CD,13.93663
CAL-120,ALK_IGFR.PIK3CB_PIK3CD,11.48412
CAL-148,ALK_IGFR.PIK3CB_PIK3CD,3.043039
CAL-51,ALK_IGFR.PIK3CB_PIK3CD,9.015093
HCC1143,ALK_IGFR.PIK3CB_PIK3CD,10.02868
HCC38,ALK_IGFR.PIK3CB_PIK3CD,14.24153
HCC70,ALK_IGFR.PIK3CB_PIK3CD,44.32309
Hs-578-T,ALK_IGFR.PIK3CB_PIK3CD,27.14285
MDA-MB-157,ALK_IGFR.PIK3CB_PIK3CD,52.80788
MDA-MB-231,ALK_IGFR.PIK3CB_PIK3CD,38.33444
MDA-MB-436,ALK_IGFR.PIK3CB_PIK3CD,30.64062
MDA-MB-468,ALK_IGFR.PIK3CB_PIK3CD,92.87635
M14,ALK_IGFR.PIK3CB_PIK3CD,30.27861
BT-549,AKT.ATR_4,-49.69178
CAL-148,AKT.ATR_4,10.17878
DU-4475,AKT.ATR_4,-10.7695
HCC1806,AKT.ATR_4,14.69232
HCC38,AKT.ATR_4,-36.16691
HCC70,AKT.ATR_4,6.567307
Hs-578-T,AKT.ATR_4,-33.64423
MDA-MB-157,AKT.ATR_4,32.22192
MDA-MB-453,AKT.ATR_4,15.71279
MFM-223,AKT.ATR_4,-5.980718
M14,AKT.ATR_4,-21.10702
CAL-120,ATR_4.BCL2_BCL2L1,-19.63386
CAL-51,ATR_4.BCL2_BCL2L1,1.97932
CAMA-1,ATR_4.BCL2_BCL2L1,20.53447
HCC1143,ATR_4.BCL2_BCL2L1,-29.95077
HCC1187,ATR_4.BCL2_BCL2L1,-1.637312
HCC38,ATR_4.BCL2_BCL2L1,-12.10795
HCC70,ATR_4.BCL2_BCL2L1,1.888488
MDA-MB-231,ATR_4.BCL2_BCL2L1,-29.93607
MDA-MB-453,ATR_4.BCL2_BCL2L1,33.05702
MDA-MB-468,ATR_4.BCL2_BCL2L1,18.67573
BT-20,ATR_4.MAP2K_1,-11.71682
BT-549,ATR_4.MAP2K_1,-23.596
CAL-148,ATR_4.MAP2K_1,-11.95551
CAL-51,ATR_4.MAP2K_1,9.969917
DU-4475,ATR_4.MAP2K_1,-13.59996
HCC1143,ATR_4.MAP2K_1,-32.06693
HCC1937,ATR_4.MAP2K_1,-37.8388
HCC38,ATR_4.MAP2K_1,70.78618
Hs-578-T,ATR_4.MAP2K_1,-39.51091
MDA-MB-157,ATR_4.MAP2K_1,15.21608
MDA-MB-453,ATR_4.MAP2K_1,-35.10474
MDA-MB-468,ATR_4.MAP2K_1,4.146128
MFM-223,ATR_4.MAP2K_1,-19.08514
M14,ATR_4.MAP2K_1,-28.62173
CAL-51,ATR_4.MTOR_1,-12.53156
DU-4475,ATR_4.MTOR_1,12.13703
HCC1395,ATR_4.MTOR_1,-15.95583
HCC1428,ATR_4.MTOR_1,-35.0508
HCC1937,ATR_4.MTOR_1,-36.29478
HCC38,ATR_4.MTOR_1,-25.05916
HCC70,ATR_4.MTOR_1,-33.24525
Hs-578-T,ATR_4.MTOR_1,-92.87831
MDA-MB-157,ATR_4.MTOR_1,-53.78609
MDA-MB-231,ATR_4.MTOR_1,-29.82461
MDA-MB-468,ATR_4.MTOR_1,-17.81088
MFM-223,ATR_4.MTOR_1,-17.05449
M14,ATR_4.MTOR_1,-37.95759
A549,BCL2.CarboTaxol,21.7906
Calu-3,BCL2.CarboTaxol,-23.99655
Calu-6,BCL2.CarboTaxol,5.015081
NCI-H1299,BCL2.CarboTaxol,13.44038
NCI-H1563,BCL2.CarboTaxol,-43.49556
NCI-H1703,BCL2.CarboTaxol,-11.26686
NCI-H1793,BCL2.CarboTaxol,34.05646
NCI-H2085,BCL2.CarboTaxol,81.91457
NCI-H2170,BCL2.CarboTaxol,-25.26779
NCI-H226,BCL2.CarboTaxol,12.85776
NCI-H3122,BCL2.CarboTaxol,-2.541587
NCI-H520,BCL2.CarboTaxol,2.676949
SW900,BCL2.CarboTaxol,45.02714
COLO-205,BCL2.IGFR_4,1.200509
HCT-116,BCL2.IGFR_4,-322.917
HT-29,BCL2.IGFR_4,-18.90988
RKO,BCL2.IGFR_4,-24.40014
SW620,BCL2.IGFR_4,9.376265
SW837,BCL2.IGFR_4,7.891496
HCT-116,BCL2.MAP2K_1,-398.8432
NCI-H747,BCL2.MAP2K_1,23.4814
RKO,BCL2.MAP2K_1,51.79689
SW620,BCL2.MAP2K_1,-17.58036
SW837,BCL2.MAP2K_1,16.71756
SW948,BCL2.MAP2K_1,57.30354
COLO-205,BCL2.Oxaliplatin,-4.177698
COLO-205,BCL2.Oxaliplatin,-8.298241
HCT-116,BCL2.Oxaliplatin,-186.8794
HCT-116,BCL2.Oxaliplatin,45.0912
RKO,BCL2.Oxaliplatin,-3.900104
RKO,BCL2.Oxaliplatin,-88.01904
SW48,BCL2.Oxaliplatin,59.1182
SW48,BCL2.Oxaliplatin,33.7206
SW620,BCL2.Oxaliplatin,-1.120614
SW620,BCL2.Oxaliplatin,13.35156
SW948,BCL2.Oxaliplatin,-5.588891
SW948,BCL2.Oxaliplatin,-3.031516
A549,BCL2.Topotecan,33.01095
Calu-3,BCL2.Topotecan,-32.56466
Calu-6,BCL2.Topotecan,20.66254
NCI-H1299,BCL2.Topotecan,34.28769
NCI-H1437,BCL2.Topotecan,-13.91897
NCI-H1975,BCL2.Topotecan,28.82544
NCI-H2085,BCL2.Topotecan,13.32488
NCI-H2170,BCL2.Topotecan,1.463783
NCI-H2228,BCL2.Topotecan,21.5562
NCI-H2291,BCL2.Topotecan,-5.343665
NCI-H522,BCL2.Topotecan,31.89227
NCI-H838,BCL2.Topotecan,27.15836
SW900,BCL2.Topotecan,37.37314
BT-20,AKT_1.BCL2_2,25.53357
EVSA-T,AKT_1.BCL2_2,-5.806061
HCC1187,AKT_1.BCL2_2,11.67935
HCC1419,AKT_1.BCL2_2,8.925112
HCC1569,AKT_1.BCL2_2,-3.897672
HCC1954,AKT_1.BCL2_2,-43.42709
MCF7,AKT_1.BCL2_2,22.46324
MDA-MB-361,AKT_1.BCL2_2,6.184136
MDA-MB-436,AKT_1.BCL2_2,16.67653
MDA-MB-453,AKT_1.BCL2_2,-15.33801
BT-549,AKT_1.BCL2_BCL2L1,8.523461
CAL-148,AKT_1.BCL2_BCL2L1,10.64219
CAMA-1,AKT_1.BCL2_BCL2L1,15.16021
DU-4475,AKT_1.BCL2_BCL2L1,0.7674337
HCC1187,AKT_1.BCL2_BCL2L1,-1.40555
HCC1937,AKT_1.BCL2_BCL2L1,14.94563
HCC38,AKT_1.BCL2_BCL2L1,15.21561
HCC70,AKT_1.BCL2_BCL2L1,-7.565757
Hs-578-T,AKT_1.BCL2_BCL2L1,-2.610332
MDA-MB-468,AKT_1.BCL2_BCL2L1,29.662
MFM-223,AKT_1.BCL2_BCL2L1,14.16864
M14,AKT_1.BCL2_BCL2L1,19.4639
647-V,ATR_4.BCL2_BCL2L1,6.567665
BFTC-905,ATR_4.BCL2_BCL2L1,20.57419
HT-1197,ATR_4.BCL2_BCL2L1,14.3023
HT-1376,ATR_4.BCL2_BCL2L1,-9.038782
J82,ATR_4.BCL2_BCL2L1,-47.5512
KU-19-19,ATR_4.BCL2_BCL2L1,5.012003
TCCSUP,ATR_4.BCL2_BCL2L1,12.53989
UM-UC-3,ATR_4.BCL2_BCL2L1,40.95128
VM-CUB-1,ATR_4.BCL2_BCL2L1,2.390643
CAL-51,BCL2_BCL2L1.FGFR,4.53158
CAMA-1,BCL2_BCL2L1.FGFR,-24.96139
DU-4475,BCL2_BCL2L1.FGFR,-1.522478
HCC1143,BCL2_BCL2L1.FGFR,-4.378617
HCC1428,BCL2_BCL2L1.FGFR,-46.11111
HCC1806,BCL2_BCL2L1.FGFR,2.45113
HCC38,BCL2_BCL2L1.FGFR,8.291264
HCC70,BCL2_BCL2L1.FGFR,-41.02046
Hs-578-T,BCL2_BCL2L1.FGFR,11.37323
MDA-MB-157,BCL2_BCL2L1.FGFR,24.03855
MDA-MB-436,BCL2_BCL2L1.FGFR,-9.931216
MDA-MB-453,BCL2_BCL2L1.FGFR,16.31893
MDA-MB-468,BCL2_BCL2L1.FGFR,28.8835
BT-20,BCL2_BCL2L1.MAP2K_1,14.85647
BT-549,BCL2_BCL2L1.MAP2K_1,19.35662
CAL-51,BCL2_BCL2L1.MAP2K_1,-1.698441
CAMA-1,BCL2_BCL2L1.MAP2K_1,12.95588
DU-4475,BCL2_BCL2L1.MAP2K_1,0.3758422
HCC1187,BCL2_BCL2L1.MAP2K_1,-8.885992
HCC1395,BCL2_BCL2L1.MAP2K_1,-2.01211
HCC1806,BCL2_BCL2L1.MAP2K_1,-0.1645953
MDA-MB-231,BCL2_BCL2L1.MAP2K_1,-1.035023
MFM-223,BCL2_BCL2L1.MAP2K_1,-22.51192
M14,BCL2_BCL2L1.MAP2K_1,33.06074
BT-20,BCL2_BCL2L1.PIK3CA_4,17.25327
CAL-148,BCL2_BCL2L1.PIK3CA_4,-7.164776
CAL-51,BCL2_BCL2L1.PIK3CA_4,14.90884
CAMA-1,BCL2_BCL2L1.PIK3CA_4,-18.13011
HCC1143,BCL2_BCL2L1.PIK3CA_4,6.665121
HCC1395,BCL2_BCL2L1.PIK3CA_4,-17.58875
HCC1428,BCL2_BCL2L1.PIK3CA_4,-1.859749
HCC1806,BCL2_BCL2L1.PIK3CA_4,-9.873476
HCC1937,BCL2_BCL2L1.PIK3CA_4,11.02137
MDA-MB-231,BCL2_BCL2L1.PIK3CA_4,12.39044
MDA-MB-453,BCL2_BCL2L1.PIK3CA_4,12.54289
MDA-MB-468,BCL2_BCL2L1.PIK3CA_4,-3.593691
BT-20,AKT.BCL2L1,90.44495
BT-474,AKT.BCL2L1,118.1512
EVSA-T,AKT.BCL2L1,-4.365317
HCC1187,AKT.BCL2L1,28.93864
HCC1569,AKT.BCL2L1,58.2951
HCC70,AKT.BCL2L1,2.542528
MDA-MB-415,AKT.BCL2L1,14.21987
MDA-MB-436,AKT.BCL2L1,-9.101048
MDA-MB-468,AKT.BCL2L1,12.64914
T47D,AKT.BCL2L1,21.49142
BT-20,AKT_1.BCL2L1,28.39611
BT-474,AKT_1.BCL2L1,68.97629
EVSA-T,AKT_1.BCL2L1,-6.225716
HCC1395,AKT_1.BCL2L1,-36.15216
HCC1569,AKT_1.BCL2L1,34.56813
HCC1954,AKT_1.BCL2L1,54.85981
HCC70,AKT_1.BCL2L1,1.768877
MCF7,AKT_1.BCL2L1,18.67458
MDA-MB-468,AKT_1.BCL2L1,-26.72691
T47D,AKT_1.BCL2L1,-2.339365
BT-474,BCL2L1.MTOR_1,36.22799
HCC1419,BCL2L1.MTOR_1,-2.710603
HCC1569,BCL2L1.MTOR_1,32.77316
HCC1954,BCL2L1.MTOR_1,62.07536
MCF7,BCL2L1.MTOR_1,7.439029
MDA-MB-157,BCL2L1.MTOR_1,33.89171
MDA-MB-361,BCL2L1.MTOR_1,36.53315
MDA-MB-415,BCL2L1.MTOR_1,56.23353
MDA-MB-468,BCL2L1.MTOR_1,-52.43165
T47D,BCL2L1.MTOR_1,2.610545
BT-474,BCL2L1.PIK3C,80.88263
CAMA-1,BCL2L1.PIK3C,31.33833
EVSA-T,BCL2L1.PIK3C,-1.924536
HCC1187,BCL2L1.PIK3C,42.93897
HCC1395,BCL2L1.PIK3C,-35.29034
HCC1569,BCL2L1.PIK3C,34.69914
HCC70,BCL2L1.PIK3C,-49.92337
MDA-MB-157,BCL2L1.PIK3C,40.40864
MDA-MB-415,BCL2L1.PIK3C,51.03849
MDA-MB-468,BCL2L1.PIK3C,-15.56534
BT-474,BRAF_M2.MAP2K_1,57.90503
CAMA-1,BRAF_M2.MAP2K_1,15.82581
EVSA-T,BRAF_M2.MAP2K_1,2.739398
HCC1187,BRAF_M2.MAP2K_1,58.33042
HCC1395,BRAF_M2.MAP2K_1,-105.215
HCC1419,BRAF_M2.MAP2K_1,71.11819
HCC1569,BRAF_M2.MAP2K_1,24.46243
MCF7,BRAF_M2.MAP2K_1,19.74222
MDA-MB-415,BRAF_M2.MAP2K_1,3.201456
MDA-MB-436,BRAF_M2.MAP2K_1,85.6308
MDA-MB-453,BRAF_M2.MAP2K_1,82.21023
MDA-MB-468,BRAF_M2.MAP2K_1,110.0426
T47D,BRAF_M2.MAP2K_1,15.15309
A549,BRAF_M2.MAP2K_3,72.17994
BT-20,BRAF_M2.MAP2K_3,30.27155
BT-474,BRAF_M2.MAP2K_3,50.9503
Calu-3,BRAF_M2.MAP2K_3,69.60122
DMS-114,BRAF_M2.MAP2K_3,100.7365
EVSA-T,BRAF_M2.MAP2K_3,-16.95827
HCC1395,BRAF_M2.MAP2K_3,-84.48736
HCC1569,BRAF_M2.MAP2K_3,14.6339
MCF7,BRAF_M2.MAP2K_3,25.68089
MDA-MB-157,BRAF_M2.MAP2K_3,21.29198
MDA-MB-436,BRAF_M2.MAP2K_3,59.04679
MDA-MB-453,BRAF_M2.MAP2K_3,95.24409
NCI-H1299,BRAF_M2.MAP2K_3,61.87433
NCI-H1437,BRAF_M2.MAP2K_3,9.590594
NCI-H1563,BRAF_M2.MAP2K_3,20.85179
NCI-H1703,BRAF_M2.MAP2K_3,36.30788
NCI-H1793,BRAF_M2.MAP2K_3,43.42115
NCI-H2170,BRAF_M2.MAP2K_3,-3.907671
NCI-H2228,BRAF_M2.MAP2K_3,64.56711
NCI-H3122,BRAF_M2.MAP2K_3,75.28513
NCI-H520,BRAF_M2.MAP2K_3,104.7569
NCI-H838,BRAF_M2.MAP2K_3,66.67803
T47D,BRAF_M2.MAP2K_3,28.49418
A549,ATR_4.CarboTaxol,3.714424
BT-474,ATR_4.CarboTaxol,-10.26601
Calu-3,ATR_4.CarboTaxol,-81.2288
Calu-6,ATR_4.CarboTaxol,2.335289
CAMA-1,ATR_4.CarboTaxol,15.46098
DMS-114,ATR_4.CarboTaxol,34.95805
EVSA-T,ATR_4.CarboTaxol,42.2006
HCC1395,ATR_4.CarboTaxol,0.07339904
HCC1954,ATR_4.CarboTaxol,-36.58125
MCF7,ATR_4.CarboTaxol,-6.973714
MDA-MB-361,ATR_4.CarboTaxol,0.1283973
MDA-MB-415,ATR_4.CarboTaxol,-5.234969
NCI-H1437,ATR_4.CarboTaxol,13.46476
NCI-H1563,ATR_4.CarboTaxol,-42.298
NCI-H1793,ATR_4.CarboTaxol,-5.119503
NCI-H1975,ATR_4.CarboTaxol,-2.987985
NCI-H2170,ATR_4.CarboTaxol,-84.24795
NCI-H226,ATR_4.CarboTaxol,9.070451
NCI-H2291,ATR_4.CarboTaxol,23.43637
NCI-H23,ATR_4.CarboTaxol,-26.63165
NCI-H358,ATR_4.CarboTaxol,-45.68157
NCI-H520,ATR_4.CarboTaxol,-22.20968
NCI-H522,ATR_4.CarboTaxol,22.37053
NCI-H838,ATR_4.CarboTaxol,-7.436251
T47D,ATR_4.CarboTaxol,-32.39221
A549,BCL2L1.CarboTaxol,22.42314
Calu-3,BCL2L1.CarboTaxol,4.402617
Calu-6,BCL2L1.CarboTaxol,6.415182
DMS-114,BCL2L1.CarboTaxol,17.17963
NCI-H1703,BCL2L1.CarboTaxol,15.65201
NCI-H2085,BCL2L1.CarboTaxol,95.21907
NCI-H2170,BCL2L1.CarboTaxol,-66.07189
NCI-H226,BCL2L1.CarboTaxol,36.85192
NCI-H2291,BCL2L1.CarboTaxol,107.0726
NCI-H3122,BCL2L1.CarboTaxol,19.0957
NCI-H358,BCL2L1.CarboTaxol,48.02275
NCI-H520,BCL2L1.CarboTaxol,-15.04715
NCI-H522,BCL2L1.CarboTaxol,42.10996
NCI-H838,BCL2L1.CarboTaxol,10.43127
647-V,CHEK1.IAP,29.25684
Calu-3,CHEK1.IAP,-50.93981
Calu-6,CHEK1.IAP,-7.594529
DMS-114,CHEK1.IAP,12.83989
HT-1376,CHEK1.IAP,27.68068
J82,CHEK1.IAP,14.52455
KU-19-19,CHEK1.IAP,-34.58533
NCI-H1437,CHEK1.IAP,-29.82683
NCI-H1563,CHEK1.IAP,-32.06632
NCI-H1975,CHEK1.IAP,-7.679866
NCI-H2085,CHEK1.IAP,-6.608711
NCI-H2170,CHEK1.IAP,-28.3524
NCI-H2228,CHEK1.IAP,-2.468558
NCI-H226,CHEK1.IAP,13.69409
NCI-H2291,CHEK1.IAP,22.00043
NCI-H358,CHEK1.IAP,34.8975
TCCSUP,CHEK1.IAP,-9.259832
UM-UC-3,CHEK1.IAP,-10.16303
VM-CUB-1,CHEK1.IAP,-4.151248
BT-20,AKT.Chloroquine,18.41805
CAMA-1,AKT.Chloroquine,-1.063422
EVSA-T,AKT.Chloroquine,1.589139
HCC1395,AKT.Chloroquine,-17.89879
HCC1419,AKT.Chloroquine,15.59449
HCC70,AKT.Chloroquine,64.59052
MCF7,AKT.Chloroquine,9.967568
MDA-MB-436,AKT.Chloroquine,4.170554
MDA-MB-453,AKT.Chloroquine,20.20307
MDA-MB-468,AKT.Chloroquine,-43.22656
BT-474,AKT_1.Chloroquine,-24.49662
EVSA-T,AKT_1.Chloroquine,-5.370052
HCC1395,AKT_1.Chloroquine,-18.58797
HCC1569,AKT_1.Chloroquine,20.39265
HCC1954,AKT_1.Chloroquine,40.21481
MCF7,AKT_1.Chloroquine,-95.40361
MDA-MB-157,AKT_1.Chloroquine,-8.991378
MDA-MB-436,AKT_1.Chloroquine,-20.33754
MDA-MB-468,AKT_1.Chloroquine,-47.95606
T47D,AKT_1.Chloroquine,-46.70657
BT-474,Chloroquine.PIK3C,-35.51228
CAMA-1,Chloroquine.PIK3C,23.1871
EVSA-T,Chloroquine.PIK3C,32.07897
HCC1187,Chloroquine.PIK3C,8.914879
HCC1395,Chloroquine.PIK3C,42.67767
HCC1954,Chloroquine.PIK3C,-11.06434
HCC70,Chloroquine.PIK3C,24.48868
MCF7,Chloroquine.PIK3C,-19.20453
MDA-MB-361,Chloroquine.PIK3C,12.50399
MDA-MB-415,Chloroquine.PIK3C,24.19537
MDA-MB-468,Chloroquine.PIK3C,14.34061
647-V,AKT.Cisplatin,12.96846
BFTC-905,AKT.Cisplatin,16.12461
J82,AKT.Cisplatin,3.02897
KU-19-19,AKT.Cisplatin,-1.031448
TCCSUP,AKT.Cisplatin,33.95664
UM-UC-3,AKT.Cisplatin,25.82214
647-V,Cisplatin.FGFR,1.529579
BFTC-905,Cisplatin.FGFR,23.23026
J82,Cisplatin.FGFR,26.2576
KU-19-19,Cisplatin.FGFR,-57.77932
SW780,Cisplatin.FGFR,-4.292409
TCCSUP,Cisplatin.FGFR,12.23501
BFTC-905,Cisplatin.HDAC_4,-15.31246
J82,Cisplatin.HDAC_4,22.90047
KU-19-19,Cisplatin.HDAC_4,-59.94831
T-24,Cisplatin.HDAC_4,-20.1918
TCCSUP,Cisplatin.HDAC_4,-3.986023
VM-CUB-1,Cisplatin.HDAC_4,-0.0207042
J82,Cisplatin.PARP1,13.76886
KU-19-19,Cisplatin.PARP1,-72.57931
SW780,Cisplatin.PARP1,4.376081
TCCSUP,Cisplatin.PARP1,19.62715
UM-UC-3,Cisplatin.PARP1,25.22937
VM-CUB-1,Cisplatin.PARP1,-6.516702
HT-1376,Cisplatin.PIK3C,7.992271
KU-19-19,Cisplatin.PIK3C,-75.46791
SW780,Cisplatin.PIK3C,-27.46162
T-24,Cisplatin.PIK3C,-1.497248
TCCSUP,Cisplatin.PIK3C,2.463675
VM-CUB-1,Cisplatin.PIK3C,8.927432
BT-20,AKT.CSNK2A1_2,11.97265
BT-474,AKT.CSNK2A1_2,26.24696
CAMA-1,AKT.CSNK2A1_2,9.03033
HCC1187,AKT.CSNK2A1_2,17.54654
HCC70,AKT.CSNK2A1_2,-5.610764
MCF7,AKT.CSNK2A1_2,35.20325
MDA-MB-361,AKT.CSNK2A1_2,8.781843
MDA-MB-415,AKT.CSNK2A1_2,15.69866
MDA-MB-453,AKT.CSNK2A1_2,31.0332
MDA-MB-468,AKT.CSNK2A1_2,73.59342
Calu-6,ALK.CSNK2A1_2,15.53071
DMS-114,ALK.CSNK2A1_2,6.1302
NCI-H1299,ALK.CSNK2A1_2,31.10096
NCI-H1437,ALK.CSNK2A1_2,40.90406
NCI-H1703,ALK.CSNK2A1_2,-10.13046
NCI-H1793,ALK.CSNK2A1_2,64.74079
NCI-H1975,ALK.CSNK2A1_2,15.75259
NCI-H2170,ALK.CSNK2A1_2,-11.04481
NCI-H2228,ALK.CSNK2A1_2,8.896638
NCI-H226,ALK.CSNK2A1_2,29.32795
NCI-H23,ALK.CSNK2A1_2,30.48773
NCI-H3122,ALK.CSNK2A1_2,20.94201
NCI-H358,ALK.CSNK2A1_2,31.65666
Calu-3,BCL2.CSNK2A1_2,-8.038611
DMS-114,BCL2.CSNK2A1_2,-14.16485
NCI-H1437,BCL2.CSNK2A1_2,69.18126
NCI-H1563,BCL2.CSNK2A1_2,32.83178
NCI-H1703,BCL2.CSNK2A1_2,6.982051
NCI-H2085,BCL2.CSNK2A1_2,22.06791
NCI-H2228,BCL2.CSNK2A1_2,10.06462
NCI-H226,BCL2.CSNK2A1_2,37.62887
NCI-H2291,BCL2.CSNK2A1_2,15.50704
NCI-H3122,BCL2.CSNK2A1_2,-11.98931
NCI-H520,BCL2.CSNK2A1_2,5.213011
NCI-H522,BCL2.CSNK2A1_2,31.0355
SW900,BCL2.CSNK2A1_2,25.16221
A549,CarboTaxol.CSNK2A1_2,-12.31963
Calu-3,CarboTaxol.CSNK2A1_2,-34.98904
Calu-6,CarboTaxol.CSNK2A1_2,-13.32579
DMS-114,CarboTaxol.CSNK2A1_2,-23.03497
NCI-H1563,CarboTaxol.CSNK2A1_2,-18.09395
NCI-H1703,CarboTaxol.CSNK2A1_2,-23.36322
NCI-H1793,CarboTaxol.CSNK2A1_2,22.0403
NCI-H2085,CarboTaxol.CSNK2A1_2,8.369753
NCI-H2170,CarboTaxol.CSNK2A1_2,-37.64538
NCI-H226,CarboTaxol.CSNK2A1_2,4.949405
NCI-H2291,CarboTaxol.CSNK2A1_2,5.587755
NCI-H3122,CarboTaxol.CSNK2A1_2,-34.26545
NCI-H520,CarboTaxol.CSNK2A1_2,-17.57887
SW900,CarboTaxol.CSNK2A1_2,-19.61161
Calu-6,Carboplatin.CSNK2A1_2,-3.080912
DMS-114,Carboplatin.CSNK2A1_2,-21.39331
NCI-H1563,Carboplatin.CSNK2A1_2,14.53352
NCI-H1793,Carboplatin.CSNK2A1_2,28.78011
NCI-H2170,Carboplatin.CSNK2A1_2,-11.91057
NCI-H2228,Carboplatin.CSNK2A1_2,9.203872
NCI-H226,Carboplatin.CSNK2A1_2,13.92972
NCI-H2291,Carboplatin.CSNK2A1_2,10.08948
NCI-H23,Carboplatin.CSNK2A1_2,-12.56483
NCI-H3122,Carboplatin.CSNK2A1_2,-3.072015
NCI-H520,Carboplatin.CSNK2A1_2,-1.091063
NCI-H522,Carboplatin.CSNK2A1_2,20.15778
SW900,Carboplatin.CSNK2A1_2,-14.667
A549,CSNK2A1_2.Gemcitabine,-23.76963
Calu-3,CSNK2A1_2.Gemcitabine,-27.84904
DMS-114,CSNK2A1_2.Gemcitabine,-50.52303
NCI-H1563,CSNK2A1_2.Gemcitabine,17.32884
NCI-H1793,CSNK2A1_2.Gemcitabine,14.38863
NCI-H1975,CSNK2A1_2.Gemcitabine,1.735899
NCI-H2170,CSNK2A1_2.Gemcitabine,-53.60858
NCI-H2228,CSNK2A1_2.Gemcitabine,21.12582
NCI-H226,CSNK2A1_2.Gemcitabine,15.58256
NCI-H2291,CSNK2A1_2.Gemcitabine,3.564371
NCI-H23,CSNK2A1_2.Gemcitabine,-25.08975
NCI-H3122,CSNK2A1_2.Gemcitabine,-10.6735
NCI-H520,CSNK2A1_2.Gemcitabine,-5.089002
NCI-H522,CSNK2A1_2.Gemcitabine,-11.43911
Calu-3,CSNK2A1_2.SYK,-13.90905
DMS-114,CSNK2A1_2.SYK,-9.067485
NCI-H1299,CSNK2A1_2.SYK,0.7799228
NCI-H1563,CSNK2A1_2.SYK,48.97047
NCI-H1703,CSNK2A1_2.SYK,-9.171456
NCI-H1793,CSNK2A1_2.SYK,61.05855
NCI-H1975,CSNK2A1_2.SYK,5.26699
NCI-H2170,CSNK2A1_2.SYK,39.0889
NCI-H226,CSNK2A1_2.SYK,29.06598
NCI-H3122,CSNK2A1_2.SYK,-41.06185
NCI-H358,CSNK2A1_2.SYK,17.08969
NCI-H520,CSNK2A1_2.SYK,-23.97568
NCI-H522,CSNK2A1_2.SYK,0.1812408
BFTC-905,EG5.PARP1,-2.88879
HT-1197,EG5.PARP1,1.69967
J82,EG5.PARP1,5.014957
KU-19-19,EG5.PARP1,-56.98652
T-24,EG5.PARP1,-0.3504166
TCCSUP,EG5.PARP1,-13.2763
HT-1197,EG5.PIM1,45.1207
HT-1376,EG5.PIM1,3.801649
KU-19-19,EG5.PIM1,-96.59866
SW780,EG5.PIM1,-11.5801
T-24,EG5.PIM1,-3.109833
TCCSUP,EG5.PIM1,2.628383
BT-20,AKT.EGFR,34.64965
BT-549,AKT.EGFR,0.1641945
CAL-51,AKT.EGFR,-4.151493
DU-4475,AKT.EGFR,6.553296
HCC1143,AKT.EGFR,11.71812
HCC1187,AKT.EGFR,4.246545
HCC1937,AKT.EGFR,23.68558
Hs-578-T,AKT.EGFR,-32.31488
MDA-MB-157,AKT.EGFR,3.244543
MDA-MB-436,AKT.EGFR,-3.514158
MDA-MB-468,AKT.EGFR,34.80409
MFM-223,AKT.EGFR,-22.871
BT-20,AKT_1.EGFR,55.06239
CAL-148,AKT_1.EGFR,2.736998
HCC1143,AKT_1.EGFR,23.01569
HCC1187,AKT_1.EGFR,-10.01942
HCC1395,AKT_1.EGFR,9.610014
HCC38,AKT_1.EGFR,22.76305
HCC70,AKT_1.EGFR,47.21543
Hs-578-T,AKT_1.EGFR,-38.83305
MDA-MB-157,AKT_1.EGFR,13.6794
MDA-MB-436,AKT_1.EGFR,12.50661
MDA-MB-453,AKT_1.EGFR,35.65096
MDA-MB-468,AKT_1.EGFR,69.06695
BT-20,BCL2_BCL2L1.EGFR,10.4119
BT-549,BCL2_BCL2L1.EGFR,-8.253868
CAL-51,BCL2_BCL2L1.EGFR,45.68423
HCC1143,BCL2_BCL2L1.EGFR,11.50638
HCC1187,BCL2_BCL2L1.EGFR,-8.017595
HCC1395,BCL2_BCL2L1.EGFR,25.22752
HCC1428,BCL2_BCL2L1.EGFR,-0.2366701
HCC38,BCL2_BCL2L1.EGFR,5.717349
HCC70,BCL2_BCL2L1.EGFR,-17.26343
MDA-MB-231,BCL2_BCL2L1.EGFR,14.30364
MDA-MB-453,BCL2_BCL2L1.EGFR,35.51502
MFM-223,BCL2_BCL2L1.EGFR,-32.75178
BT-20,EGFR.FGFR,19.19952
BT-549,EGFR.FGFR,-3.295388
CAL-148,EGFR.FGFR,-47.35924
CAL-51,EGFR.FGFR,29.09108
CAMA-1,EGFR.FGFR,-17.92891
HCC1395,EGFR.FGFR,51.98533
HCC1428,EGFR.FGFR,-32.0158
HCC1937,EGFR.FGFR,30.0064
HCC70,EGFR.FGFR,-12.35887
Hs-578-T,EGFR.FGFR,9.532939
MDA-MB-157,EGFR.FGFR,14.61433
MDA-MB-231,EGFR.FGFR,-8.43381
MFM-223,EGFR.FGFR,-0.4352172
M14,EGFR.FGFR,-4.760586
BT-20,EGFR.MAP2K_1,53.61903
BT-549,EGFR.MAP2K_1,-5.554851
CAL-120,EGFR.MAP2K_1,6.416326
CAL-148,EGFR.MAP2K_1,-4.482228
CAL-51,EGFR.MAP2K_1,3.35151
CAMA-1,EGFR.MAP2K_1,17.71496
HCC1428,EGFR.MAP2K_1,-30.01339
Hs-578-T,EGFR.MAP2K_1,-27.19919
MDA-MB-231,EGFR.MAP2K_1,20.14626
MDA-MB-453,EGFR.MAP2K_1,-18.64662
MDA-MB-468,EGFR.MAP2K_1,100.9543
M14,EGFR.MAP2K_1,32.81099
BT-474,AKT_1.EGFR_2,43.64678
BT-474,AKT_1.EGFR_2,48.22565
CAMA-1,AKT_1.EGFR_2,-6.894141
CAMA-1,AKT_1.EGFR_2,7.759386
HCC1395,AKT_1.EGFR_2,12.23648
HCC1419,AKT_1.EGFR_2,40.49601
HCC1419,AKT_1.EGFR_2,32.55876
HCC1500,AKT_1.EGFR_2,9.670229
HCC1954,AKT_1.EGFR_2,66.96092
MDA-MB-175-VII,AKT_1.EGFR_2,34.931
MDA-MB-415,AKT_1.EGFR_2,4.117219
MDA-MB-436,AKT_1.EGFR_2,18.44421
MDA-MB-453,AKT_1.EGFR_2,16.69216
UACC-812,AKT_1.EGFR_2,34.01387
A549,ALK.EGFR_2,25.55663
Calu-3,ALK.EGFR_2,-7.030849
Calu-6,ALK.EGFR_2,0.6648298
DMS-114,ALK.EGFR_2,6.777539
NCI-H1299,ALK.EGFR_2,18.30909
NCI-H1437,ALK.EGFR_2,-2.729943
NCI-H1563,ALK.EGFR_2,-1.687451
NCI-H1975,ALK.EGFR_2,0.797784
NCI-H2170,ALK.EGFR_2,-40.63398
NCI-H2228,ALK.EGFR_2,4.356899
NCI-H23,ALK.EGFR_2,-13.29691
NCI-H838,ALK.EGFR_2,23.09169
HCC1187,BCL2_2.EGFR_2,6.17721
BT-20,AKT.ERBB,75.40316
BT-20,AKT.ERBB,1.371758
CAL-120,AKT.ERBB,0.1959933
CAL-51,AKT.ERBB,7.8161
CAMA-1,AKT.ERBB,10.14614
CAMA-1,AKT.ERBB,15.01301
DU-4475,AKT.ERBB,17.96867
HCC1143,AKT.ERBB,19.85155
HCC1395,AKT.ERBB,5.833781
HCC1395,AKT.ERBB,23.01357
HCC1419,AKT.ERBB,32.66274
HCC1428,AKT.ERBB,-7.973875
HCC1954,AKT.ERBB,60.80097
Hs-578-T,AKT.ERBB,5.710976
MDA-MB-157,AKT.ERBB,-3.505665
MDA-MB-157,AKT.ERBB,50.51452
MDA-MB-453,AKT.ERBB,17.31706
MDA-MB-453,AKT.ERBB,39.78023
MDA-MB-468,AKT.ERBB,106.8248
MDA-MB-468,AKT.ERBB,74.66898
M14,AKT.ERBB,-5.504747
647-V,ERBB.FGFR,13.62757
BT-20,ERBB.FGFR,-1.81518
BT-549,ERBB.FGFR,9.494321
CAL-120,ERBB.FGFR,69.96979
CAL-148,ERBB.FGFR,-45.37699
DU-4475,ERBB.FGFR,-78.69106
HCC1143,ERBB.FGFR,25.63454
HCC1395,ERBB.FGFR,64.35238
HCC1428,ERBB.FGFR,10.78371
HCC70,ERBB.FGFR,-58.86693
Hs-578-T,ERBB.FGFR,29.89334
HT-1197,ERBB.FGFR,-39.56688
HT-1376,ERBB.FGFR,2.598166
J82,ERBB.FGFR,40.04342
KU-19-19,ERBB.FGFR,-50.42143
MDA-MB-157,ERBB.FGFR,39.6997
MDA-MB-231,ERBB.FGFR,-15.08077
MDA-MB-436,ERBB.FGFR,-5.823226
M14,ERBB.FGFR,-28.2755
T-24,ERBB.FGFR,-1.508726
647-V,ERBB.IAP,6.407124
J82,ERBB.IAP,16.83164
KU-19-19,ERBB.IAP,-95.86531
SW780,ERBB.IAP,-178.6541
T-24,ERBB.IAP,-18.59214
TCCSUP,ERBB.IAP,21.87748
BT-20,ERBB.MAP2K_1,26.87017
CAL-120,ERBB.MAP2K_1,-4.937774
CAL-148,ERBB.MAP2K_1,36.9506
CAMA-1,ERBB.MAP2K_1,11.67747
DU-4475,ERBB.MAP2K_1,9.43266
HCC1806,ERBB.MAP2K_1,50.84485
HCC1937,ERBB.MAP2K_1,43.78416
HCC38,ERBB.MAP2K_1,34.01219
HCC70,ERBB.MAP2K_1,40.77648
Hs-578-T,ERBB.MAP2K_1,-3.743074
HT-1197,ERBB.MAP2K_1,-0.2337827
HT-1376,ERBB.MAP2K_1,56.20092
KU-19-19,ERBB.MAP2K_1,-42.09745
MDA-MB-231,ERBB.MAP2K_1,28.10739
MDA-MB-453,ERBB.MAP2K_1,-22.73189
MDA-MB-468,ERBB.MAP2K_1,114.8552
M14,ERBB.MAP2K_1,27.32132
SW780,ERBB.MAP2K_1,83.7001
UM-UC-3,ERBB.MAP2K_1,27.59342
VM-CUB-1,ERBB.MAP2K_1,67.79423
BT-20,ERBB.MTOR_1,38.62213
BT-20,ERBB.MTOR_1,7.107197
BT-474,ERBB.MTOR_1,-11.51616
CAL-120,ERBB.MTOR_1,11.42428
CAL-51,ERBB.MTOR_1,-1.869222
CAMA-1,ERBB.MTOR_1,5.194003
CAMA-1,ERBB.MTOR_1,-3.448257
DU-4475,ERBB.MTOR_1,-101.819
HCC1143,ERBB.MTOR_1,31.61059
HCC1187,ERBB.MTOR_1,-48.76037
HCC1187,ERBB.MTOR_1,-0.6242202
HCC1395,ERBB.MTOR_1,-40.47877
HCC1395,ERBB.MTOR_1,-0.3383981
HCC1569,ERBB.MTOR_1,6.16941
HCC1806,ERBB.MTOR_1,3.972506
HCC1954,ERBB.MTOR_1,58.95993
Hs-578-T,ERBB.MTOR_1,1.693221
MDA-MB-231,ERBB.MTOR_1,-2.906901
MDA-MB-361,ERBB.MTOR_1,48.05224
MDA-MB-415,ERBB.MTOR_1,12.17432
MDA-MB-468,ERBB.MTOR_1,53.9436
MDA-MB-468,ERBB.MTOR_1,45.40276
M14,ERBB.MTOR_1,-9.21672
BT-20,ERBB.PIK3CA_4,22.22986
CAL-120,ERBB.PIK3CA_4,-30.30016
CAL-148,ERBB.PIK3CA_4,-33.58861
CAMA-1,ERBB.PIK3CA_4,-54.48843
DU-4475,ERBB.PIK3CA_4,-33.75685
HCC1187,ERBB.PIK3CA_4,10.27425
HCC1428,ERBB.PIK3CA_4,4.725561
HCC1937,ERBB.PIK3CA_4,16.48142
HCC38,ERBB.PIK3CA_4,8.18666
Hs-578-T,ERBB.PIK3CA_4,5.811497
MDA-MB-436,ERBB.PIK3CA_4,-14.51429
MFM-223,ERBB.PIK3CA_4,-28.81766
M14,ERBB.PIK3CA_4,-18.21009
BT-549,AKT_1.ESR1,-24.67385
CAL-148,AKT_1.ESR1,-36.15162
CAL-51,AKT_1.ESR1,9.791399
CAMA-1,AKT_1.ESR1,33.99801
DU-4475,AKT_1.ESR1,-18.34233
HCC1143,AKT_1.ESR1,-13.36032
HCC1937,AKT_1.ESR1,-12.8115
HCC38,AKT_1.ESR1,-11.54618
Hs-578-T,AKT_1.ESR1,-6.839067
MDA-MB-231,AKT_1.ESR1,1.7249
MDA-MB-468,AKT_1.ESR1,-5.470392
MFM-223,AKT_1.ESR1,-2.276035
BT-20,ESR1.FGFR,2.885581
BT-549,ESR1.FGFR,9.718463
CAL-148,ESR1.FGFR,-103.2407
CAL-51,ESR1.FGFR,4.746579
DU-4475,ESR1.FGFR,-1.599624
HCC1187,ESR1.FGFR,2.281585
HCC1395,ESR1.FGFR,-0.7297311
HCC1806,ESR1.FGFR,3.388686
HCC1937,ESR1.FGFR,6.788332
HCC70,ESR1.FGFR,-24.96078
MDA-MB-157,ESR1.FGFR,1.102474
MDA-MB-436,ESR1.FGFR,-16.33541
MFM-223,ESR1.FGFR,60.70514
CAL-120,ESR1.MAP2K_1,13.94696
CAL-148,ESR1.MAP2K_1,-6.077363
CAL-51,ESR1.MAP2K_1,2.210563
DU-4475,ESR1.MAP2K_1,11.26972
HCC1187,ESR1.MAP2K_1,26.22214
HCC1428,ESR1.MAP2K_1,-20.26795
HCC1937,ESR1.MAP2K_1,3.267776
Hs-578-T,ESR1.MAP2K_1,-24.04518
MDA-MB-157,ESR1.MAP2K_1,2.434991
MDA-MB-231,ESR1.MAP2K_1,10.08948
MDA-MB-453,ESR1.MAP2K_1,3.625408
MDA-MB-468,ESR1.MAP2K_1,-0.6210341
MFM-223,ESR1.MAP2K_1,5.232049
BT-549,ESR1.MTOR_1,6.927788
CAL-120,ESR1.MTOR_1,-19.51674
CAL-51,ESR1.MTOR_1,7.650171
CAMA-1,ESR1.MTOR_1,44.15751
DU-4475,ESR1.MTOR_1,-1.132942
HCC1187,ESR1.MTOR_1,7.028081
HCC1806,ESR1.MTOR_1,4.708188
HCC70,ESR1.MTOR_1,9.591303
Hs-578-T,ESR1.MTOR_1,-19.04828
MDA-MB-157,ESR1.MTOR_1,-4.245935
MDA-MB-231,ESR1.MTOR_1,14.12636
MDA-MB-453,ESR1.MTOR_1,16.11686
BT-20,AKT_1.ESR1_1,-12.6923
BT-474,AKT_1.ESR1_1,25.40946
CAMA-1,AKT_1.ESR1_1,47.2247
EVSA-T,AKT_1.ESR1_1,-6.024088
HCC1187,AKT_1.ESR1_1,5.116957
HCC1569,AKT_1.ESR1_1,12.53683
MCF7,AKT_1.ESR1_1,127.2922
MDA-MB-415,AKT_1.ESR1_1,49.00117
MDA-MB-436,AKT_1.ESR1_1,-131.3238
MDA-MB-468,AKT_1.ESR1_1,-37.62277
BT-474,ESR1_1.MTOR_1,-8.310624
HCC1187,ESR1_1.MTOR_1,2.056431
HCC1395,ESR1_1.MTOR_1,-45.46293
HCC1569,ESR1_1.MTOR_1,6.21804
HCC70,ESR1_1.MTOR_1,-0.0411081
MDA-MB-361,ESR1_1.MTOR_1,25.57379
MDA-MB-415,ESR1_1.MTOR_1,14.36195
MDA-MB-436,ESR1_1.MTOR_1,-14.06975
MDA-MB-453,ESR1_1.MTOR_1,20.34692
MDA-MB-468,ESR1_1.MTOR_1,-42.74192
T47D,ESR1_1.MTOR_1,23.26164
BT-20,ESR1_1.PIK3C,47.01936
BT-474,ESR1_1.PIK3C,61.02119
HCC1395,ESR1_1.PIK3C,-49.62981
HCC1569,ESR1_1.PIK3C,1.11613
HCC1954,ESR1_1.PIK3C,-6.294411
HCC70,ESR1_1.PIK3C,18.45182
MCF7,ESR1_1.PIK3C,71.06812
MDA-MB-361,ESR1_1.PIK3C,43.87407
MDA-MB-453,ESR1_1.PIK3C,47.09623
MDA-MB-468,ESR1_1.PIK3C,-22.43497
BT-474,ESR1_3.MTOR_1,-29.96694
CAMA-1,ESR1_3.MTOR_1,27.69442
EVSA-T,ESR1_3.MTOR_1,17.99035
HCC1187,ESR1_3.MTOR_1,41.05598
HCC1395,ESR1_3.MTOR_1,-48.17627
HCC1569,ESR1_3.MTOR_1,-5.036041
MCF7,ESR1_3.MTOR_1,32.98485
MDA-MB-361,ESR1_3.MTOR_1,19.57296
MDA-MB-436,ESR1_3.MTOR_1,-125.7819
MDA-MB-468,ESR1_3.MTOR_1,-73.65424
BT-20,BCL2_BCL2L1.FASN,14.10614
CAL-148,BCL2_BCL2L1.FASN,8.727391
HCC1143,BCL2_BCL2L1.FASN,-31.69333
HCC1395,BCL2_BCL2L1.FASN,7.325554
HCC1806,BCL2_BCL2L1.FASN,8.153521
HCC1937,BCL2_BCL2L1.FASN,13.64902
HCC38,BCL2_BCL2L1.FASN,15.19502
HCC70,BCL2_BCL2L1.FASN,-58.161
MDA-MB-231,BCL2_BCL2L1.FASN,25.91807
MDA-MB-436,BCL2_BCL2L1.FASN,0.5523007
MDA-MB-468,BCL2_BCL2L1.FASN,45.53811
MFM-223,BCL2_BCL2L1.FASN,-20.67056
M14,BCL2_BCL2L1.FASN,-25.09048
BT-549,FASN.MAP2K_1,0.5736392
CAL-148,FASN.MAP2K_1,22.76802
CAMA-1,FASN.MAP2K_1,7.072155
HCC1143,FASN.MAP2K_1,18.10269
HCC1428,FASN.MAP2K_1,-7.004386
HCC1937,FASN.MAP2K_1,5.805401
HCC38,FASN.MAP2K_1,7.464531
Hs-578-T,FASN.MAP2K_1,15.77519
MDA-MB-157,FASN.MAP2K_1,7.279093
MDA-MB-231,FASN.MAP2K_1,24.94119
MDA-MB-436,FASN.MAP2K_1,-3.088848
MDA-MB-453,FASN.MAP2K_1,-36.42645
MFM-223,FASN.MAP2K_1,3.968367
BT-549,FASN.MTOR_1,17.66288
CAL-148,FASN.MTOR_1,-8.579723
CAL-51,FASN.MTOR_1,12.98182
HCC1143,FASN.MTOR_1,-60.91582
HCC1187,FASN.MTOR_1,-6.860539
HCC1395,FASN.MTOR_1,-0.7101762
HCC1428,FASN.MTOR_1,0.7984304
HCC38,FASN.MTOR_1,-9.105909
Hs-578-T,FASN.MTOR_1,7.24632
MDA-MB-157,FASN.MTOR_1,-0.2131888
MDA-MB-231,FASN.MTOR_1,-9.364899
M14,FASN.MTOR_1,-19.81054
BT-549,AKT.FGFR,37.32471
CAL-120,AKT.FGFR,3.156817
CAL-120,AKT.FGFR,3.006479
CAL-148,AKT.FGFR,-4.114951
CAL-51,AKT.FGFR,8.624525
CAMA-1,AKT.FGFR,-0.4255949
DMS-114,AKT.FGFR,15.5706
DU-4475,AKT.FGFR,12.5369
HCC1187,AKT.FGFR,10.52669
HCC1395,AKT.FGFR,45.50561
HCC1806,AKT.FGFR,-13.23412
HCC1937,AKT.FGFR,27.66968
HCC70,AKT.FGFR,-37.64971
Hs-578-T,AKT.FGFR,21.75473
KMS-11,AKT.FGFR,-52.52134
MDA-MB-453,AKT.FGFR,5.40904
MFM-223,AKT.FGFR,33.79264
M14,AKT.FGFR,-3.893005
SW780,AKT.FGFR,-27.33424
647-V,BCL2_BCL2L1.FGFR,-24.74415
DMS-114,BCL2_BCL2L1.FGFR,-12.82158
HT-1197,BCL2_BCL2L1.FGFR,-75.2447
HT-1376,BCL2_BCL2L1.FGFR,-93.65725
KATOIII,BCL2_BCL2L1.FGFR,-6.055594
KMS-11,BCL2_BCL2L1.FGFR,-47.19892
KU-19-19,BCL2_BCL2L1.FGFR,-11.91275
NCI-H520,BCL2_BCL2L1.FGFR,-30.33513
RT4,BCL2_BCL2L1.FGFR,41.82546
T-24,BCL2_BCL2L1.FGFR,7.704466
UM-UC-3,BCL2_BCL2L1.FGFR,-24.00446
CAMA-1,BCL2_BCL2L1_BCL2L2.FGFR,-17.2007
HCC1419,BCL2_BCL2L1_BCL2L2.FGFR,29.69523
KATOIII,BCL2_BCL2L1_BCL2L2.FGFR,6.634295
KMS-11,BCL2_BCL2L1_BCL2L2.FGFR,-58.33504
MDA-MB-175-VII,BCL2_BCL2L1_BCL2L2.FGFR,-115.3857
MDA-MB-361,BCL2_BCL2L1_BCL2L2.FGFR,-0.3315716
NCI-H520,BCL2_BCL2L1_BCL2L2.FGFR,-24.13237
NCI-SNU-16,BCL2_BCL2L1_BCL2L2.FGFR,9.711389
SW780,BCL2_BCL2L1_BCL2L2.FGFR,52.66815
UACC-812,BCL2_BCL2L1_BCL2L2.FGFR,8.120883
BT-474,Chloroquine.FGFR,-27.32585
CAMA-1,Chloroquine.FGFR,20.50806
DMS-114,Chloroquine.FGFR,-24.2455
HCC1419,Chloroquine.FGFR,-49.4068
KMS-11,Chloroquine.FGFR,-37.13512
MDA-MB-175-VII,Chloroquine.FGFR,-84.15572
MDA-MB-361,Chloroquine.FGFR,-5.803738
RT4,Chloroquine.FGFR,18.20052
SW780,Chloroquine.FGFR,-11.19588
T47D,Chloroquine.FGFR,0.8253902
UACC-812,Chloroquine.FGFR,-1.672017
CAL-120,ERBB.FGFR,86.10804
DMS-114,ERBB.FGFR,7.06391
NCI-H520,ERBB.FGFR,27.30015
RT4,ERBB.FGFR,220.3445
NCI-SNU-16,ERBB.FGFR,15.77256
CAL-148,FGFR.MTOR_1,3.410365
CAL-51,FGFR.MTOR_1,18.78778
DMS-114,FGFR.MTOR_1,7.986024
HCC1143,FGFR.MTOR_1,3.578846
HCC1187,FGFR.MTOR_1,3.211573
HCC1395,FGFR.MTOR_1,47.21145
HCC1428,FGFR.MTOR_1,-2.545934
HCC1937,FGFR.MTOR_1,4.230704
HCC70,FGFR.MTOR_1,-35.91419
Hs-578-T,FGFR.MTOR_1,21.52029
KMS-11,FGFR.MTOR_1,0.2484452
MCF7,FGFR.MTOR_1,14.21441
MDA-MB-157,FGFR.MTOR_1,39.65426
MDA-MB-231,FGFR.MTOR_1,18.34433
MDA-MB-453,FGFR.MTOR_1,11.81025
RT4,FGFR.MTOR_1,-18.80834
NCI-SNU-16,FGFR.MTOR_1,4.670391
M14,FGFR.MTOR_1,-42.73146
KATOIII,FGFR.MTOR_3,-6.632685
KMS-11,FGFR.MTOR_3,15.7095
MCF7,FGFR.MTOR_3,10.58274
MCF7,FGFR.MTOR_3,-15.5593
MDA-MB-175-VII,FGFR.MTOR_3,27.65837
NCI-H1703,FGFR.MTOR_3,8.901234
NCI-H520,FGFR.MTOR_3,78.08926
RT4,FGFR.MTOR_3,72.74892
NCI-SNU-16,FGFR.MTOR_3,-15.33537
SW780,FGFR.MTOR_3,-82.69599
T47D,FGFR.MTOR_3,-27.67313
UACC-812,FGFR.MTOR_3,-28.19635
CAL-120,FGFR.PIK3C_MTOR,4.902747
DMS-114,FGFR.PIK3C_MTOR,-43.92558
HCC1500,FGFR.PIK3C_MTOR,38.96104
KATOIII,FGFR.PIK3C_MTOR,20.0893
MCF7,FGFR.PIK3C_MTOR,8.495394
MCF7,FGFR.PIK3C_MTOR,-89.69744
MDA-MB-175-VII,FGFR.PIK3C_MTOR,-58.39898
MDA-MB-361,FGFR.PIK3C_MTOR,2.826144
RT4,FGFR.PIK3C_MTOR,37.25778
NCI-SNU-16,FGFR.PIK3C_MTOR,17.64808
SW780,FGFR.PIK3C_MTOR,-109.8353
UACC-812,FGFR.PIK3C_MTOR,-1.502173
BT-474,FGFR.Proteasome_2,0.03930111
DMS-114,FGFR.Proteasome_2,-23.64164
KMS-11,FGFR.Proteasome_2,-15.55902
MCF7,FGFR.Proteasome_2,4.365294
MCF7,FGFR.Proteasome_2,-2.983597
MDA-MB-175-VII,FGFR.Proteasome_2,6.911937
MDA-MB-361,FGFR.Proteasome_2,-10.20944
NCI-H520,FGFR.Proteasome_2,4.850328
NCI-SNU-16,FGFR.Proteasome_2,-10.7516
SW780,FGFR.Proteasome_2,-62.13382
UACC-812,FGFR.Proteasome_2,4.402312
KATOIII,FGFR.WNT,3.94674
KMS-11,FGFR.WNT,-18.08964
MCF7,FGFR.WNT,-7.763957
NCI-H520,FGFR.WNT,31.17159
SW780,FGFR.WNT,21.28395
J82,ATM.Gemcitabine,-0.04571745
KU-19-19,ATM.Gemcitabine,5.381046
SW780,ATM.Gemcitabine,2.635467
T-24,ATM.Gemcitabine,27.85968
TCCSUP,ATM.Gemcitabine,16.46099
VM-CUB-1,ATM.Gemcitabine,15.26292
647-V,BCL2_BCL2L1.Gemcitabine,9.388698
BFTC-905,BCL2_BCL2L1.Gemcitabine,8.731306
HT-1376,BCL2_BCL2L1.Gemcitabine,-45.04011
J82,BCL2_BCL2L1.Gemcitabine,11.72054
T-24,BCL2_BCL2L1.Gemcitabine,-1.530253
UM-UC-3,BCL2_BCL2L1.Gemcitabine,20.64784
BFTC-905,ERBB.Gemcitabine,-1.628266
HT-1197,ERBB.Gemcitabine,-2.978066
HT-1376,ERBB.Gemcitabine,-24.99259
J82,ERBB.Gemcitabine,-2.78077
SW780,ERBB.Gemcitabine,-3.95483
T-24,ERBB.Gemcitabine,10.29316
BFTC-905,Gemcitabine.PARP1,0.9178461
HT-1197,Gemcitabine.PARP1,4.000516
HT-1376,Gemcitabine.PARP1,3.237665
J82,Gemcitabine.PARP1,-5.533376
KU-19-19,Gemcitabine.PARP1,6.446547
UM-UC-3,Gemcitabine.PARP1,-1.447185
647-V,ATR_4.HDAC_4,-19.95509
HT-1197,ATR_4.HDAC_4,-14.79173
HT-1376,ATR_4.HDAC_4,-47.11859
T-24,ATR_4.HDAC_4,-33.44685
TCCSUP,ATR_4.HDAC_4,9.202446
VM-CUB-1,ATR_4.HDAC_4,-42.2145
HT-1376,HDAC_4.PARP1,-5.843584
J82,HDAC_4.PARP1,15.32469
KU-19-19,HDAC_4.PARP1,-2.60927
T-24,HDAC_4.PARP1,-16.14572
TCCSUP,HDAC_4.PARP1,26.04315
UM-UC-3,HDAC_4.PARP1,11.96227
VM-CUB-1,HDAC_4.PARP1,-11.05425
647-V,HSP90.PARP1,21.63577
BFTC-905,HSP90.PARP1,17.14019
HT-1376,HSP90.PARP1,-1.116707
J82,HSP90.PARP1,28.8805
KU-19-19,HSP90.PARP1,0.3932491
SW780,HSP90.PARP1,13.03962
T-24,HSP90.PARP1,7.53797
VM-CUB-1,HSP90.PARP1,-20.94756
647-V,ATR_4.IAP,32.43808
BFTC-905,ATR_4.IAP,0.1430406
Calu-3,ATR_4.IAP,-65.93941
DMS-114,ATR_4.IAP,27.14271
HT-1197,ATR_4.IAP,21.26834
HT-1376,ATR_4.IAP,4.55246
KU-19-19,ATR_4.IAP,-69.13325
NCI-H1563,ATR_4.IAP,-17.27948
NCI-H1793,ATR_4.IAP,26.53115
NCI-H1975,ATR_4.IAP,-22.61271
NCI-H226,ATR_4.IAP,18.02491
NCI-H2291,ATR_4.IAP,2.858895
NCI-H358,ATR_4.IAP,25.45322
NCI-H520,ATR_4.IAP,-5.013119
NCI-H522,ATR_4.IAP,-1.666716
NCI-H838,ATR_4.IAP,2.041987
T-24,ATR_4.IAP,37.80441
UM-UC-3,ATR_4.IAP,30.93239
VM-CUB-1,ATR_4.IAP,-22.58671
BT-474,BCL2L1.IAP,121.9394
Calu-3,BCL2L1.IAP,57.90746
Calu-6,BCL2L1.IAP,62.02191
HCC1395,BCL2L1.IAP,12.01887
HCC1419,BCL2L1.IAP,62.42558
MDA-MB-361,BCL2L1.IAP,51.3085
MDA-MB-453,BCL2L1.IAP,17.28719
NCI-H1299,BCL2L1.IAP,43.44764
NCI-H1437,BCL2L1.IAP,58.52006
NCI-H1563,BCL2L1.IAP,29.4293
NCI-H1703,BCL2L1.IAP,25.72953
NCI-H1793,BCL2L1.IAP,52.07144
NCI-H1975,BCL2L1.IAP,27.41469
NCI-H2085,BCL2L1.IAP,31.90363
NCI-H2291,BCL2L1.IAP,93.26844
NCI-H23,BCL2L1.IAP,48.47307
NCI-H3122,BCL2L1.IAP,48.75784
NCI-H358,BCL2L1.IAP,5.632736
NCI-H520,BCL2L1.IAP,-26.52469
NCI-H838,BCL2L1.IAP,66.47357
T47D,BCL2L1.IAP,37.3667
647-V,BCL2_BCL2L1.IAP,44.10317
HT-1197,BCL2_BCL2L1.IAP,76.29174
HT-1376,BCL2_BCL2L1.IAP,34.45161
J82,BCL2_BCL2L1.IAP,-21.11725
KU-19-19,BCL2_BCL2L1.IAP,-119.3642
TCCSUP,BCL2_BCL2L1.IAP,-42.77356
C32,CHEK1.IAP,-1.498488
COLO-205,CHEK1.IAP,-27.59417
HCT-116,CHEK1.IAP,14.51519
HT-29,CHEK1.IAP,-9.153783
NCI-H747,CHEK1.IAP,-82.2863
SW948,CHEK1.IAP,3.343275
Calu-3,Doxorubicin.IAP,-32.98206
Calu-6,Doxorubicin.IAP,42.58561
NCI-H1437,Doxorubicin.IAP,32.19862
NCI-H1563,Doxorubicin.IAP,7.540647
NCI-H1703,Doxorubicin.IAP,3.495408
NCI-H1793,Doxorubicin.IAP,38.59413
NCI-H2170,Doxorubicin.IAP,18.70155
NCI-H226,Doxorubicin.IAP,21.94816
NCI-H3122,Doxorubicin.IAP,19.6624
NCI-H358,Doxorubicin.IAP,16.59258
NCI-H522,Doxorubicin.IAP,42.23113
NCI-H838,Doxorubicin.IAP,8.5456
C32,IAP.IGFR_3,-7.399541
COLO-205,IAP.IGFR_3,4.858052
HCT-116,IAP.IGFR_3,-61.72587
SW48,IAP.IGFR_3,-38.6174
SW620,IAP.IGFR_3,-5.997694
SW837,IAP.IGFR_3,16.60508
COLO-205,IAP.IGFR_4,11.25531
HCT-116,IAP.IGFR_4,-317.6475
HT-29,IAP.IGFR_4,-20.74053
SW620,IAP.IGFR_4,-1.773547
SW837,IAP.IGFR_4,46.17249
SW948,IAP.IGFR_4,31.86629
HCT-116,IAP.JAK,-94.14444
HT-29,IAP.JAK,-4.91609
LS-513,IAP.JAK,-0.6685724
RKO,IAP.JAK,-1.023761
SW620,IAP.JAK,-4.53358
SW948,IAP.JAK,-0.5452092
COLO-205,IAP.Oxaliplatin,28.54097
HCT-116,IAP.Oxaliplatin,-154.7651
HT-29,IAP.Oxaliplatin,11.12446
NCI-H747,IAP.Oxaliplatin,55.24217
RKO,IAP.Oxaliplatin,60.55878
SW48,IAP.Oxaliplatin,27.2476
BFTC-905,IAP.PARP1,11.37035
COLO-205,IAP.PARP1,14.81612
HCT-116,IAP.PARP1,1198.91
HT-1376,IAP.PARP1,3.646937
KU-19-19,IAP.PARP1,-93.82526
LS-513,IAP.PARP1,-2.968035
NCI-H747,IAP.PARP1,20.63351
RKO,IAP.PARP1,68.72678
SW48,IAP.PARP1,-15.49609
SW620,IAP.PARP1,-10.45959
T-24,IAP.PARP1,53.85536
TCCSUP,IAP.PARP1,65.03906
VM-CUB-1,IAP.PARP1,-7.196064
Calu-3,IAP.PIK3C,-44.00508
COLO-205,IAP.PIK3C,27.19579
DMS-114,IAP.PIK3C,-9.141138
HCC1187,IAP.PIK3C,-37.31287
HCT-116,IAP.PIK3C,-163.0885
HT-29,IAP.PIK3C,2.621549
NCI-H1563,IAP.PIK3C,12.20152
NCI-H1793,IAP.PIK3C,26.44613
NCI-H2085,IAP.PIK3C,27.64164
NCI-H2170,IAP.PIK3C,16.68108
NCI-H2291,IAP.PIK3C,-10.93406
NCI-H3122,IAP.PIK3C,-18.68578
NCI-H358,IAP.PIK3C,5.12031
NCI-H520,IAP.PIK3C,21.10739
NCI-H838,IAP.PIK3C,29.86598
SW48,IAP.PIK3C,-22.10678
SW837,IAP.PIK3C,42.66763
SW948,IAP.PIK3C,11.52239
A549,IAP.PIK3CA_3,9.755133
Calu-3,IAP.PIK3CA_3,-74.07757
NCI-H1299,IAP.PIK3CA_3,59.52634
NCI-H1703,IAP.PIK3CA_3,12.89416
NCI-H1793,IAP.PIK3CA_3,48.23978
NCI-H1975,IAP.PIK3CA_3,30.20235
NCI-H2170,IAP.PIK3CA_3,11.4357
NCI-H226,IAP.PIK3CA_3,24.7168
NCI-H2291,IAP.PIK3CA_3,11.23007
NCI-H23,IAP.PIK3CA_3,29.20975
NCI-H520,IAP.PIK3CA_3,12.91735
SW900,IAP.PIK3CA_3,36.19486
A549,IAP.PIK3CB,7.526779
Calu-3,IAP.PIK3CB,-119.4051
DMS-114,IAP.PIK3CB,0.7853992
HCT-116,IAP.PIK3CB,-88.12508
HT-29,IAP.PIK3CB,-30.98399
LS-513,IAP.PIK3CB,-8.846129
NCI-H1299,IAP.PIK3CB,37.87168
NCI-H1563,IAP.PIK3CB,43.20076
NCI-H1703,IAP.PIK3CB,6.628513
NCI-H2085,IAP.PIK3CB,27.3105
NCI-H2170,IAP.PIK3CB,10.56155
NCI-H226,IAP.PIK3CB,35.57842
NCI-H2291,IAP.PIK3CB,6.385782
NCI-H522,IAP.PIK3CB,29.00382
RKO,IAP.PIK3CB,8.75349
SW620,IAP.PIK3CB,-10.22941
SW837,IAP.PIK3CB,5.737254
SW948,IAP.PIK3CB,-13.00104
COLO-205,IAP.PTK2,48.58531
HCT-116,IAP.PTK2,6737.175
HT-29,IAP.PTK2,57.69479
NCI-H747,IAP.PTK2,49.03739
RKO,IAP.PTK2,50.71988
SW48,IAP.PTK2,0.9745206
C32,IAP.SN38,20.48231
HCT-116,IAP.SN38,-44.40489
RKO,IAP.SN38,48.04435
SW48,IAP.SN38,6.202266
SW837,IAP.SN38,48.22027
SW948,IAP.SN38,31.4461
HT-1197,IAP.TNF,15.64838
HT-1376,IAP.TNF,4.550227
KATOIII,IAP.TNF,134.1807
KMS-11,IAP.TNF,0.7656868
KU-19-19,IAP.TNF,-89.12169
MCF7,IAP.TNF,14.78239
NCI-H520,IAP.TNF,81.74721
NCI-SNU-16,IAP.TNF,237.3764
SW780,IAP.TNF,164.874
SW780,IAP.TNF,25.07083
T-24,IAP.TNF,116.4672
TCCSUP,IAP.TNF,49.08166
UM-UC-3,IAP.TNF,128.0718
Calu-3,IAP.TOP2_2,-52.69984
Calu-6,IAP.TOP2_2,48.77588
NCI-H1437,IAP.TOP2_2,43.32659
NCI-H1563,IAP.TOP2_2,2.656894
NCI-H1703,IAP.TOP2_2,6.339869
NCI-H2085,IAP.TOP2_2,23.87985
NCI-H2170,IAP.TOP2_2,24.07999
NCI-H226,IAP.TOP2_2,35.09351
NCI-H2291,IAP.TOP2_2,9.961978
NCI-H23,IAP.TOP2_2,34.77333
NCI-H358,IAP.TOP2_2,15.84934
NCI-H838,IAP.TOP2_2,15.98954
Calu-3,IAP.Topotecan,-22.20639
Calu-6,IAP.Topotecan,46.49813
DMS-114,IAP.Topotecan,7.786225
NCI-H1793,IAP.Topotecan,43.74522
NCI-H2170,IAP.Topotecan,16.02889
NCI-H2291,IAP.Topotecan,7.968084
NCI-H23,IAP.Topotecan,14.10377
NCI-H3122,IAP.Topotecan,17.00553
NCI-H358,IAP.Topotecan,32.78066
NCI-H520,IAP.Topotecan,17.98231
NCI-H522,IAP.Topotecan,37.86462
NCI-H838,IAP.Topotecan,36.29228
Calu-3,IAP.Vinorelbine,-90.08571
NCI-H1563,IAP.Vinorelbine,4.970321
NCI-H1703,IAP.Vinorelbine,8.707077
NCI-H1975,IAP.Vinorelbine,0.240729
NCI-H2170,IAP.Vinorelbine,35.43825
NCI-H2228,IAP.Vinorelbine,31.61591
NCI-H226,IAP.Vinorelbine,35.226
NCI-H2291,IAP.Vinorelbine,13.45881
NCI-H23,IAP.Vinorelbine,25.38014
NCI-H3122,IAP.Vinorelbine,20.19474
NCI-H520,IAP.Vinorelbine,8.014827
SW900,IAP.Vinorelbine,50.3246
HCT-116,JAK.MTOR,-165.1961
RKO,JAK.MTOR,-16.49354
SW48,JAK.MTOR,-18.87313
SW620,JAK.MTOR,-4.735825
SW837,JAK.MTOR,-17.85627
SW948,JAK.MTOR,-31.07631
BFTC-905,ATR_4.MAP2K_1,-25.50691
HT-1197,ATR_4.MAP2K_1,-0.5817202
KU-19-19,ATR_4.MAP2K_1,-67.00727
UM-UC-3,ATR_4.MAP2K_1,-10.43963
647-V,BCL2_BCL2L1.MAP2K_1,25.703
HT-1197,BCL2_BCL2L1.MAP2K_1,1.756911
KU-19-19,BCL2_BCL2L1.MAP2K_1,-19.18569
SW780,BCL2_BCL2L1.MAP2K_1,57.32646
T-24,BCL2_BCL2L1.MAP2K_1,-11.02539
TCCSUP,BCL2_BCL2L1.MAP2K_1,-9.472862
UM-UC-3,BCL2_BCL2L1.MAP2K_1,-16.08685
A549,BRAF_M.MAP2K_1,-26.34301
Calu-3,BRAF_M.MAP2K_1,-13.99233
Calu-6,BRAF_M.MAP2K_1,-76.90679
COLO-205,BRAF_M.MAP2K_1,26.63412
DMS-114,BRAF_M.MAP2K_1,-3.271674
HCT-116,BRAF_M.MAP2K_1,-70.72998
HT-29,BRAF_M.MAP2K_1,21.27462
LS-513,BRAF_M.MAP2K_1,-42.59749
NCI-H1703,BRAF_M.MAP2K_1,21.76308
NCI-H1975,BRAF_M.MAP2K_1,-5.738417
NCI-H2228,BRAF_M.MAP2K_1,1.512657
NCI-H226,BRAF_M.MAP2K_1,46.08304
NCI-H2291,BRAF_M.MAP2K_1,-30.39527
NCI-H358,BRAF_M.MAP2K_1,-54.31322
SW48,BRAF_M.MAP2K_1,-38.4202
SW620,BRAF_M.MAP2K_1,-117.9091
SW837,BRAF_M.MAP2K_1,29.66748
SW948,BRAF_M.MAP2K_1,-98.43799
A549,BRAF_M2.MAP2K_1,112.3072
Calu-3,BRAF_M2.MAP2K_1,57.72629
COLO-205,BRAF_M2.MAP2K_1,54.02718
NCI-H747,BRAF_M2.MAP2K_1,18.31925
HT-29,BRAF_M2.MAP2K_1,72.61664
LS-513,BRAF_M2.MAP2K_1,57.98544
NCI-H1437,BRAF_M2.MAP2K_1,11.02952
NCI-H1703,BRAF_M2.MAP2K_1,11.00185
NCI-H2085,BRAF_M2.MAP2K_1,28.28184
NCI-H2170,BRAF_M2.MAP2K_1,30.5355
NCI-H2228,BRAF_M2.MAP2K_1,75.0193
NCI-H3122,BRAF_M2.MAP2K_1,110.5551
NCI-H838,BRAF_M2.MAP2K_1,60.77705
RKO,BRAF_M2.MAP2K_1,134.7897
SW620,BRAF_M2.MAP2K_1,62.90719
SW837,BRAF_M2.MAP2K_1,80.45503
SW948,BRAF_M2.MAP2K_1,44.25163
BFTC-905,HSP90.MAP2K_1,35.24843
CAMA-1,HSP90.MAP2K_1,0.293369
HCC1419,HSP90.MAP2K_1,5.856948
HCC1500,HSP90.MAP2K_1,24.67497
HT-1376,HSP90.MAP2K_1,9.661712
J82,HSP90.MAP2K_1,13.75687
KU-19-19,HSP90.MAP2K_1,22.13687
MCF7,HSP90.MAP2K_1,15.11293
MDA-MB-361,HSP90.MAP2K_1,-0.9397268
SW780,HSP90.MAP2K_1,26.17331
UACC-812,HSP90.MAP2K_1,63.52179
UM-UC-3,HSP90.MAP2K_1,6.221262
VM-CUB-1,HSP90.MAP2K_1,20.60828
C32,IGFR_3.MAP2K_1,-5.643498
HCT-116,IGFR_3.MAP2K_1,-588.2207
LS-513,IGFR_3.MAP2K_1,24.84664
RKO,IGFR_3.MAP2K_1,35.86891
SW620,IGFR_3.MAP2K_1,73.42558
SW837,IGFR_3.MAP2K_1,27.49451
C32,IGFR_4.MAP2K_1,5.074641
HCT-116,IGFR_4.MAP2K_1,-330.2374
LS-513,IGFR_4.MAP2K_1,10.56
RKO,IGFR_4.MAP2K_1,23.57056
SW837,IGFR_4.MAP2K_1,26.3871
SW948,IGFR_4.MAP2K_1,49.82728
BT-20,MAP2K_1.MTOR_1,41.27628
BT-474,MAP2K_1.MTOR_1,-6.855216
HCC1187,MAP2K_1.MTOR_1,35.67651
HCC1395,MAP2K_1.MTOR_1,-27.21596
HCC1569,MAP2K_1.MTOR_1,-20.12337
HCC70,MAP2K_1.MTOR_1,-6.630298
MDA-MB-157,MAP2K_1.MTOR_1,42.19433
MDA-MB-453,MAP2K_1.MTOR_1,4.862411
MDA-MB-468,MAP2K_1.MTOR_1,-14.24939
T47D,MAP2K_1.MTOR_1,35.50456
BT-20,MAP2K_1.PIK3C,52.52023
C32,MAP2K_1.PIK3C,65.79356
COLO-205,MAP2K_1.PIK3C,44.43416
HCC1187,MAP2K_1.PIK3C,27.39164
HCC1187,MAP2K_1.PIK3C,-23.66909
HCC1395,MAP2K_1.PIK3C,44.04867
HCC1954,MAP2K_1.PIK3C,24.47396
HCT-116,MAP2K_1.PIK3C,-310.7436
HT-29,MAP2K_1.PIK3C,63.35664
MDA-MB-361,MAP2K_1.PIK3C,27.84563
MDA-MB-415,MAP2K_1.PIK3C,-28.46768
MDA-MB-453,MAP2K_1.PIK3C,12.08049
MDA-MB-468,MAP2K_1.PIK3C,52.91752
SW48,MAP2K_1.PIK3C,46.57632
SW620,MAP2K_1.PIK3C,28.905
SW837,MAP2K_1.PIK3C,57.38142
T47D,MAP2K_1.PIK3C,28.28921
647-V,MAP2K_1.PIM1,24.60826
BFTC-905,MAP2K_1.PIM1,32.70071
KU-19-19,MAP2K_1.PIM1,-59.5444
SW780,MAP2K_1.PIM1,-2.753958
T-24,MAP2K_1.PIM1,5.013978
VM-CUB-1,MAP2K_1.PIM1,-42.17625
COLO-205,MAP2K_1.PTK2,13.48129
HCT-116,MAP2K_1.PTK2,-364.0594
HT-29,MAP2K_1.PTK2,2.434542
LS-513,MAP2K_1.PTK2,18.32364
SW620,MAP2K_1.PTK2,5.172644
SW948,MAP2K_1.PTK2,19.80967
C32,MAP2K_1.TKI,26.51374
HCT-116,MAP2K_1.TKI,-463.7951
HT-29,MAP2K_1.TKI,65.47378
NCI-H747,MAP2K_1.TKI,26.29952
SW48,MAP2K_1.TKI,69.31692
SW837,MAP2K_1.TKI,51.43114
CAMA-1,MAP2K_3.PIK3C,-20.02647
EVSA-T,MAP2K_3.PIK3C,0.6454424
HCC1187,MAP2K_3.PIK3C,50.61146
HCC1395,MAP2K_3.PIK3C,25.35105
HCC1569,MAP2K_3.PIK3C,-14.28021
HCC70,MAP2K_3.PIK3C,83.41135
MDA-MB-453,MAP2K_3.PIK3C,-46.61906
MDA-MB-468,MAP2K_3.PIK3C,13.03987
T47D,MAP2K_3.PIK3C,16.93655
Calu-6,ALK.MTOR_1,-122.6916
DMS-114,ALK.MTOR_1,28.55891
NCI-H1299,ALK.MTOR_1,33.92858
NCI-H1703,ALK.MTOR_1,-6.903505
NCI-H1975,ALK.MTOR_1,6.614022
NCI-H2085,ALK.MTOR_1,1.119112
NCI-H2170,ALK.MTOR_1,-0.6374524
NCI-H2228,ALK.MTOR_1,13.62244
NCI-H226,ALK.MTOR_1,26.91264
NCI-H23,ALK.MTOR_1,31.80285
NCI-H3122,ALK.MTOR_1,26.15859
NCI-H358,ALK.MTOR_1,33.00217
NCI-H838,ALK.MTOR_1,56.10523
A549,ALK_2.MTOR_1,75.93458
Calu-6,ALK_2.MTOR_1,-131.9163
DMS-114,ALK_2.MTOR_1,60.93739
NCI-H1437,ALK_2.MTOR_1,59.67383
NCI-H1975,ALK_2.MTOR_1,42.1773
NCI-H2228,ALK_2.MTOR_1,23.83431
NCI-H226,ALK_2.MTOR_1,43.55755
NCI-H23,ALK_2.MTOR_1,57.50511
NCI-H358,ALK_2.MTOR_1,52.32034
NCI-H520,ALK_2.MTOR_1,14.85942
SW900,ALK_2.MTOR_1,56.77943
HT-1197,ATR_4.MTOR_1,-11.3501
HT-1376,ATR_4.MTOR_1,-44.8147
J82,ATR_4.MTOR_1,-20.56418
KU-19-19,ATR_4.MTOR_1,-59.65656
SW780,ATR_4.MTOR_1,-27.78317
UM-UC-3,ATR_4.MTOR_1,-20.82109
VM-CUB-1,ATR_4.MTOR_1,-87.89844
647-V,ERBB.MTOR_1,35.98297
HT-1197,ERBB.MTOR_1,-11.10421
KU-19-19,ERBB.MTOR_1,-90.80689
SW780,ERBB.MTOR_1,-31.22269
T-24,ERBB.MTOR_1,-8.487045
TCCSUP,ERBB.MTOR_1,23.59868
BT-474,ESR1_1.MTOR_1,66.76868
HCC1500,ESR1_1.MTOR_1,12.50417
MDA-MB-175-VII,ESR1_1.MTOR_1,-65.49806
MDA-MB-361,ESR1_1.MTOR_1,36.65196
T47D,ESR1_1.MTOR_1,-5.958732
BT-474,ESR1_3.MTOR_1,17.28562
CAMA-1,ESR1_3.MTOR_1,5.519751
HCC1500,ESR1_3.MTOR_1,25.79427
MCF7,ESR1_3.MTOR_1,14.37281
MDA-MB-175-VII,ESR1_3.MTOR_1,-118.5994
MDA-MB-361,ESR1_3.MTOR_1,39.45437
BFTC-905,FGFR.MTOR_1,8.128824
HT-1197,FGFR.MTOR_1,-15.47986
J82,FGFR.MTOR_1,21.13484
KU-19-19,FGFR.MTOR_1,-65.80464
T-24,FGFR.MTOR_1,-36.61454
VM-CUB-1,FGFR.MTOR_1,3.76196
647-V,MAP2K_1.MTOR_1,27.30535
BFTC-905,MAP2K_1.MTOR_1,35.94197
BT-20,MAP2K_1.MTOR_1,28.08716
HCC1187,MAP2K_1.MTOR_1,-0.1735897
HCC1395,MAP2K_1.MTOR_1,24.11012
HCC1428,MAP2K_1.MTOR_1,3.243592
HCC1806,MAP2K_1.MTOR_1,14.34996
HCC38,MAP2K_1.MTOR_1,4.534253
HCC70,MAP2K_1.MTOR_1,22.43619
Hs-578-T,MAP2K_1.MTOR_1,7.696937
HT-1197,MAP2K_1.MTOR_1,23.74794
J82,MAP2K_1.MTOR_1,34.14089
KU-19-19,MAP2K_1.MTOR_1,-31.01098
MDA-MB-157,MAP2K_1.MTOR_1,23.27338
MDA-MB-453,MAP2K_1.MTOR_1,-10.03672
MDA-MB-468,MAP2K_1.MTOR_1,-0.9221652
MFM-223,MAP2K_1.MTOR_1,-9.954348
M14,MAP2K_1.MTOR_1,-13.63462
T-24,MAP2K_1.MTOR_1,30.88296
VM-CUB-1,MAP2K_1.MTOR_1,-6.288553
BT-20,MTOR_1.PIK3C,5.682313
BT-474,MTOR_1.PIK3C,-6.713923
CAMA-1,MTOR_1.PIK3C,-6.437105
HCC1395,MTOR_1.PIK3C,1.444958
HCC1419,MTOR_1.PIK3C,10.28707
HCC1954,MTOR_1.PIK3C,31.8205
HCC70,MTOR_1.PIK3C,-15.16889
KU-19-19,MTOR_1.PIK3C,-97.17922
MCF7,MTOR_1.PIK3C,19.36093
T-24,MTOR_1.PIK3C,17.31921
T47D,MTOR_1.PIK3C,18.13581
TCCSUP,MTOR_1.PIK3C,9.250581
VM-CUB-1,MTOR_1.PIK3C,35.7663
CAMA-1,HDAC_4.PARP1,-54.12328
HCC1419,HDAC_4.PARP1,-24.28504
MCF7,HDAC_4.PARP1,3.734453
MDA-MB-175-VII,HDAC_4.PARP1,-95.074
T47D,HDAC_4.PARP1,-373.361
UACC-812,HDAC_4.PARP1,14.92222
BT-474,HSP90.PARP1,10.44146
MCF7,HSP90.PARP1,27.75355
MDA-MB-175-VII,HSP90.PARP1,-25.57276
BT-20,PARP1.PIK3C,22.76175
BT-549,PARP1.PIK3C,20.02537
CAL-148,PARP1.PIK3C,32.29261
CAMA-1,PARP1.PIK3C,4.757508
HCC1428,PARP1.PIK3C,-0.1306266
Hs-578-T,PARP1.PIK3C,-4.66841
MDA-MB-157,PARP1.PIK3C,24.96887
MDA-MB-436,PARP1.PIK3C,4.259663
MDA-MB-453,PARP1.PIK3C,3.31332
MDA-MB-468,PARP1.PIK3C,10.54166
MFM-223,PARP1.PIK3C,16.6942
BT-549,PARP1.PIK3CB_PIK3CD,22.9615
CAL-120,PARP1.PIK3CB_PIK3CD,7.779486
CAL-51,PARP1.PIK3CB_PIK3CD,9.937758
DU-4475,PARP1.PIK3CB_PIK3CD,22.62157
HCC1187,PARP1.PIK3CB_PIK3CD,13.51102
HCC1395,PARP1.PIK3CB_PIK3CD,14.83117
HCC1428,PARP1.PIK3CB_PIK3CD,-0.4745446
HCC1806,PARP1.PIK3CB_PIK3CD,21.40489
HCC1937,PARP1.PIK3CB_PIK3CD,26.99353
HCC38,PARP1.PIK3CB_PIK3CD,1.844097
HCC70,PARP1.PIK3CB_PIK3CD,1.029495
Hs-578-T,PARP1.PIK3CB_PIK3CD,-26.43047
MDA-MB-157,PARP1.PIK3CB_PIK3CD,21.95086
MDA-MB-468,PARP1.PIK3CB_PIK3CD,12.63891
A549,ADAM17.PIK3C,-1.536877
Calu-3,ADAM17.PIK3C,3.305902
DMS-114,ADAM17.PIK3C,4.655709
NCI-H1299,ADAM17.PIK3C,9.327795
NCI-H1793,ADAM17.PIK3C,53.52265
NCI-H1975,ADAM17.PIK3C,-2.276951
NCI-H2085,ADAM17.PIK3C,36.53175
NCI-H2170,ADAM17.PIK3C,13.22047
NCI-H23,ADAM17.PIK3C,-6.851331
NCI-H520,ADAM17.PIK3C,0.007386935
NCI-H838,ADAM17.PIK3C,20.0607
SW900,ADAM17.PIK3C,11.75751
BT-474,AKT_1.PIK3C,43.08746
CAMA-1,AKT_1.PIK3C,53.88914
HCC1187,AKT_1.PIK3C,33.17804
HCC1569,AKT_1.PIK3C,29.80419
HCC1954,AKT_1.PIK3C,84.41957
HCC70,AKT_1.PIK3C,-4.891449
MDA-MB-157,AKT_1.PIK3C,24.49272
MDA-MB-453,AKT_1.PIK3C,53.06514
MDA-MB-468,AKT_1.PIK3C,24.37863
T47D,AKT_1.PIK3C,13.37755
Calu-3,ALK.PIK3C,34.40694
Calu-6,ALK.PIK3C,0.8608555
DMS-114,ALK.PIK3C,26.71756
NCI-H1437,ALK.PIK3C,2.572496
NCI-H1563,ALK.PIK3C,25.41691
NCI-H1975,ALK.PIK3C,34.9084
NCI-H2170,ALK.PIK3C,-36.25801
NCI-H2228,ALK.PIK3C,26.98395
NCI-H226,ALK.PIK3C,34.84727
NCI-H3122,ALK.PIK3C,23.94169
NCI-H520,ALK.PIK3C,5.202981
NCI-H522,ALK.PIK3C,27.61071
SW900,ALK.PIK3C,37.18965
647-V,HSP90.PIK3C,-4.008479
HT-1376,HSP90.PIK3C,-2.994842
KU-19-19,HSP90.PIK3C,-36.68453
T-24,HSP90.PIK3C,-13.32454
UM-UC-3,HSP90.PIK3C,-4.968216
VM-CUB-1,HSP90.PIK3C,0.4810218
BFTC-905,IAP.PIK3C,3.215552
HT-1197,IAP.PIK3C,35.633
KU-19-19,IAP.PIK3C,-140.0021
TCCSUP,IAP.PIK3C,29.79253
UM-UC-3,IAP.PIK3C,-16.0194
VM-CUB-1,IAP.PIK3C,14.95352
647-V,MAP2K_1.PIK3C,59.11532
BT-20,MAP2K_1.PIK3C,42.04421
CAL-120,MAP2K_1.PIK3C,17.25819
HCC1143,MAP2K_1.PIK3C,38.74999
HCC1187,MAP2K_1.PIK3C,46.84535
HCC1395,MAP2K_1.PIK3C,30.92811
HCC1937,MAP2K_1.PIK3C,19.42189
HCC38,MAP2K_1.PIK3C,0.3925452
HT-1197,MAP2K_1.PIK3C,11.22964
HT-1376,MAP2K_1.PIK3C,31.89342
KU-19-19,MAP2K_1.PIK3C,-15.7379
MDA-MB-231,MAP2K_1.PIK3C,35.97158
MDA-MB-453,MAP2K_1.PIK3C,4.76991
MDA-MB-468,MAP2K_1.PIK3C,20.51677
T-24,MAP2K_1.PIK3C,70.5352
TCCSUP,MAP2K_1.PIK3C,17.31489
VM-CUB-1,MAP2K_1.PIK3C,62.30205
BT-20,MTOR_1.PIK3C,14.62486
BT-549,MTOR_1.PIK3C,0.9634879
CAL-148,MTOR_1.PIK3C,20.43965
CAMA-1,MTOR_1.PIK3C,40.70774
HCC1143,MTOR_1.PIK3C,10.80949
HCC1187,MTOR_1.PIK3C,0.22879
HCC1395,MTOR_1.PIK3C,2.770118
HCC1428,MTOR_1.PIK3C,-2.263145
HCC1937,MTOR_1.PIK3C,15.83587
HCC38,MTOR_1.PIK3C,11.51026
HCC70,MTOR_1.PIK3C,27.19971
Hs-578-T,MTOR_1.PIK3C,12.61012
MDA-MB-231,MTOR_1.PIK3C,38.73388
M14,MTOR_1.PIK3C,-3.689704
647-V,PARP1.PIK3C,13.11811
BFTC-905,PARP1.PIK3C,59.57785
HT-1197,PARP1.PIK3C,7.750952
KU-19-19,PARP1.PIK3C,-115.56
SW780,PARP1.PIK3C,-13.53915
T-24,PARP1.PIK3C,-20.87728
VM-CUB-1,PARP1.PIK3C,25.35557
BFTC-905,PIK3C.PIM1,47.83311
HT-1197,PIK3C.PIM1,41.29233
HT-1376,PIK3C.PIM1,-0.08082758
J82,PIK3C.PIM1,33.36653
KU-19-19,PIK3C.PIM1,-160.659
T-24,PIK3C.PIM1,3.578123
VM-CUB-1,PIK3C.PIM1,13.76449
HT-1197,PIK3C.TNFSF10,-7.765347
J82,PIK3C.TNFSF10,-2.773666
KU-19-19,PIK3C.TNFSF10,-117.0729
T-24,PIK3C.TNFSF10,-38.6228
TCCSUP,PIK3C.TNFSF10,14.9569
UM-UC-3,PIK3C.TNFSF10,3.792637
Calu-3,CSNK2A1_2.PIK3CA_3,-22.32891
DMS-114,CSNK2A1_2.PIK3CA_3,-10.98224
NCI-H1437,CSNK2A1_2.PIK3CA_3,19.86072
NCI-H1563,CSNK2A1_2.PIK3CA_3,6.83887
NCI-H1703,CSNK2A1_2.PIK3CA_3,2.493606
NCI-H1975,CSNK2A1_2.PIK3CA_3,34.44695
NCI-H2170,CSNK2A1_2.PIK3CA_3,3.707614
NCI-H2228,CSNK2A1_2.PIK3CA_3,30.77961
NCI-H226,CSNK2A1_2.PIK3CA_3,43.95368
NCI-H3122,CSNK2A1_2.PIK3CA_3,10.18352
NCI-H358,CSNK2A1_2.PIK3CA_3,21.87577
NCI-H838,CSNK2A1_2.PIK3CA_3,27.3109
BT-20,MTOR_1.PIK3CA_4,21.35294
BT-549,MTOR_1.PIK3CA_4,3.326553
CAL-120,MTOR_1.PIK3CA_4,17.25202
CAL-148,MTOR_1.PIK3CA_4,15.12149
DU-4475,MTOR_1.PIK3CA_4,-35.60649
HCC1143,MTOR_1.PIK3CA_4,15.59288
HCC1187,MTOR_1.PIK3CA_4,4.002826
HCC1937,MTOR_1.PIK3CA_4,3.53733
Hs-578-T,MTOR_1.PIK3CA_4,44.36827
MDA-MB-453,MTOR_1.PIK3CA_4,-1.500567
MFM-223,MTOR_1.PIK3CA_4,21.9132
M14,MTOR_1.PIK3CA_4,-11.71238
BT-20,PIK3C_2.PIK3CA_4,-10.77771
BT-549,PIK3C_2.PIK3CA_4,3.404341
HCC1143,PIK3C_2.PIK3CA_4,0.2602172
HCC1187,PIK3C_2.PIK3CA_4,16.37772
HCC1937,PIK3C_2.PIK3CA_4,10.2543
HCC38,PIK3C_2.PIK3CA_4,-4.623039
Hs-578-T,PIK3C_2.PIK3CA_4,3.139188
MDA-MB-157,PIK3C_2.PIK3CA_4,11.72995
MDA-MB-231,PIK3C_2.PIK3CA_4,9.045958
MDA-MB-436,PIK3C_2.PIK3CA_4,-1.91057
MDA-MB-468,PIK3C_2.PIK3CA_4,-2.878204
M14,PIK3C_2.PIK3CA_4,-1.968565
A549,ALK_2.PIK3CB,31.25151
Calu-3,ALK_2.PIK3CB,-21.13922
DMS-114,ALK_2.PIK3CB,26.01248
NCI-H1437,ALK_2.PIK3CB,23.06369
NCI-H1563,ALK_2.PIK3CB,44.22527
NCI-H1703,ALK_2.PIK3CB,20.98278
NCI-H1975,ALK_2.PIK3CB,48.32354
NCI-H2228,ALK_2.PIK3CB,34.53177
NCI-H226,ALK_2.PIK3CB,87.45666
NCI-H520,ALK_2.PIK3CB,27.13055
NCI-H522,ALK_2.PIK3CB,6.436748
NCI-H838,ALK_2.PIK3CB,54.76063
A549,PIK3CB.Topotecan,-1.348835
NCI-H1703,PIK3CB.Topotecan,6.193549
NCI-H1793,PIK3CB.Topotecan,36.33373
NCI-H2085,PIK3CB.Topotecan,10.44887
NCI-H2228,PIK3CB.Topotecan,-11.22572
NCI-H226,PIK3CB.Topotecan,-1.835498
NCI-H3122,PIK3CB.Topotecan,-9.509719
NCI-H358,PIK3CB.Topotecan,20.58626
NCI-H522,PIK3CB.Topotecan,-1.496256
NCI-H838,PIK3CB.Topotecan,19.76374
SW900,PIK3CB.Topotecan,10.43293
647-V,EG5.PIK3CB_PIK3CD,-15.75108
BFTC-905,EG5.PIK3CB_PIK3CD,6.20384
HT-1197,EG5.PIK3CB_PIK3CD,44.27238
KU-19-19,EG5.PIK3CB_PIK3CD,-63.70476
UM-UC-3,EG5.PIK3CB_PIK3CD,-13.20491
VM-CUB-1,EG5.PIK3CB_PIK3CD,-7.814339
HT-1197,PARP1.PIK3CB_PIK3CD,20.68262
HT-1376,PARP1.PIK3CB_PIK3CD,12.15362
KU-19-19,PARP1.PIK3CB_PIK3CD,-86.55571
T-24,PARP1.PIK3CB_PIK3CD,0.276685
VCaP,PIK3CB_PIK3CD.PIK3CB_PIK3CD,-128.0491
647-V,BCL2_BCL2L1.PIM1,61.93823
BFTC-905,BCL2_BCL2L1.PIM1,53.77934
CAL-148,BCL2_BCL2L1.PIM1,64.96824
DU-4475,BCL2_BCL2L1.PIM1,-0.4213918
HCC1143,BCL2_BCL2L1.PIM1,-15.04397
HCC1187,BCL2_BCL2L1.PIM1,18.33449
HCC1806,BCL2_BCL2L1.PIM1,-18.87524
HCC38,BCL2_BCL2L1.PIM1,64.09607
HCC70,BCL2_BCL2L1.PIM1,-43.07365
Hs-578-T,BCL2_BCL2L1.PIM1,22.63242
MDA-MB-231,BCL2_BCL2L1.PIM1,59.91482
MDA-MB-468,BCL2_BCL2L1.PIM1,34.87431
MFM-223,BCL2_BCL2L1.PIM1,-78.25283
M14,BCL2_BCL2L1.PIM1,103.5371
SW780,BCL2_BCL2L1.PIM1,87.04385
TCCSUP,BCL2_BCL2L1.PIM1,11.05319
UM-UC-3,BCL2_BCL2L1.PIM1,39.24142
VM-CUB-1,BCL2_BCL2L1.PIM1,8.40611
BT-549,MAP2K_1.PIM1,22.0379
CAL-120,MAP2K_1.PIM1,21.77097
CAL-148,MAP2K_1.PIM1,26.20163
DU-4475,MAP2K_1.PIM1,12.87147
HCC1143,MAP2K_1.PIM1,14.76144
HCC1806,MAP2K_1.PIM1,37.84039
HCC1937,MAP2K_1.PIM1,22.03986
HCC38,MAP2K_1.PIM1,21.9704
HCC70,MAP2K_1.PIM1,12.69365
MDA-MB-231,MAP2K_1.PIM1,18.82947
MDA-MB-453,MAP2K_1.PIM1,9.068078
MDA-MB-468,MAP2K_1.PIM1,0.83471
M14,MAP2K_1.PIM1,16.23689
BT-20,PIK3C.PIM1,30.07561
BT-549,PIK3C.PIM1,22.86808
CAL-120,PIK3C.PIM1,-13.8655
CAMA-1,PIK3C.PIM1,8.094075
DU-4475,PIK3C.PIM1,53.87112
HCC1143,PIK3C.PIM1,24.2367
HCC1806,PIK3C.PIM1,38.75904
HCC1937,PIK3C.PIM1,-0.630942
HCC70,PIK3C.PIM1,5.983637
Hs-578-T,PIK3C.PIM1,-27.41054
MDA-MB-436,PIK3C.PIM1,16.72996
MFM-223,PIK3C.PIM1,-18.74556
DMS-114,PIM1.TOP2_2,44.70102
NCI-H1299,PIM1.TOP2_2,40.73554
NCI-H1563,PIM1.TOP2_2,-95.57235
NCI-H1793,PIM1.TOP2_2,46.48285
NCI-H1975,PIM1.TOP2_2,46.20775
NCI-H2170,PIM1.TOP2_2,103.6661
NCI-H2228,PIM1.TOP2_2,66.89596
NCI-H3122,PIM1.TOP2_2,25.8169
NCI-H358,PIM1.TOP2_2,32.70716
NCI-H520,PIM1.TOP2_2,77.16998
NCI-H522,PIM1.TOP2_2,51.57545
NCI-H838,PIM1.TOP2_2,13.87297
SW900,PIM1.TOP2_2,22.93148
BT-20,AKT.PIP5K1,31.56132
BT-549,AKT.PIP5K1,-9.036282
CAL-120,AKT.PIP5K1,31.54576
CAL-148,AKT.PIP5K1,9.311391
CAMA-1,AKT.PIP5K1,4.095683
DU-4475,AKT.PIP5K1,-42.5307
HCC1395,AKT.PIP5K1,9.475774
HCC1428,AKT.PIP5K1,-1.395562
HCC1806,AKT.PIP5K1,2.481109
HCC38,AKT.PIP5K1,-13.18842
Hs-578-T,AKT.PIP5K1,-36.37388
MDA-MB-468,AKT.PIP5K1,3.989298
MFM-223,AKT.PIP5K1,13.94876
CAL-120,MAP2K_1.PIP5K1,-63.80249
CAL-148,MAP2K_1.PIP5K1,5.238078
CAL-51,MAP2K_1.PIP5K1,9.547578
CAMA-1,MAP2K_1.PIP5K1,-6.002984
DU-4475,MAP2K_1.PIP5K1,-1.467706
HCC1143,MAP2K_1.PIP5K1,-37.82343
HCC1187,MAP2K_1.PIP5K1,4.297028
HCC1395,MAP2K_1.PIP5K1,15.03023
HCC1428,MAP2K_1.PIP5K1,-8.722925
HCC1937,MAP2K_1.PIP5K1,7.869519
HCC70,MAP2K_1.PIP5K1,-11.47321
Hs-578-T,MAP2K_1.PIP5K1,17.39293
MDA-MB-453,MAP2K_1.PIP5K1,-63.07964
M14,MAP2K_1.PIP5K1,53.1239
BT-549,PIK3C.PIP5K1,-4.011929
CAMA-1,PIK3C.PIP5K1,-10.80256
DU-4475,PIK3C.PIP5K1,-50.31269
HCC1187,PIK3C.PIP5K1,-41.79166
HCC1806,PIK3C.PIP5K1,-12.64251
HCC1937,PIK3C.PIP5K1,0.8612791
HCC38,PIK3C.PIP5K1,-39.80713
HCC70,PIK3C.PIP5K1,-19.48857
Hs-578-T,PIK3C.PIP5K1,-69.60079
MDA-MB-157,PIK3C.PIP5K1,-17.13851
MDA-MB-453,PIK3C.PIP5K1,-15.98586
MDA-MB-468,PIK3C.PIP5K1,-24.26203
M14,PIK3C.PIP5K1,5.194212
BT-20,PIK3CB_PIK3CD.PIP5K1,-0.1666601
BT-549,PIK3CB_PIK3CD.PIP5K1,-0.7228399
CAL-148,PIK3CB_PIK3CD.PIP5K1,-10.30196
CAMA-1,PIK3CB_PIK3CD.PIP5K1,-9.863793
DU-4475,PIK3CB_PIK3CD.PIP5K1,-48.75564
HCC1187,PIK3CB_PIK3CD.PIP5K1,-25.89079
HCC1806,PIK3CB_PIK3CD.PIP5K1,-14.63024
HCC1937,PIK3CB_PIK3CD.PIP5K1,13.38637
HCC38,PIK3CB_PIK3CD.PIP5K1,-24.36761
Hs-578-T,PIK3CB_PIK3CD.PIP5K1,-57.90528
MDA-MB-157,PIK3CB_PIK3CD.PIP5K1,-9.560019
MDA-MB-436,PIK3CB_PIK3CD.PIP5K1,-8.865079
MDA-MB-468,PIK3CB_PIK3CD.PIP5K1,-12.38771
MFM-223,PIK3CB_PIK3CD.PIP5K1,-23.16893
CAL-148,BCL2_BCL2L1.SLC16A4,32.95021
CAMA-1,BCL2_BCL2L1.SLC16A4,11.93112
DU-4475,BCL2_BCL2L1.SLC16A4,4.567143
HCC1143,BCL2_BCL2L1.SLC16A4,4.043294
HCC1395,BCL2_BCL2L1.SLC16A4,17.3869
HCC1428,BCL2_BCL2L1.SLC16A4,29.65441
HCC1806,BCL2_BCL2L1.SLC16A4,-16.43859
HCC38,BCL2_BCL2L1.SLC16A4,14.76245
Hs-578-T,BCL2_BCL2L1.SLC16A4,2.761414
MDA-MB-157,BCL2_BCL2L1.SLC16A4,41.782
MDA-MB-231,BCL2_BCL2L1.SLC16A4,35.91136
MFM-223,BCL2_BCL2L1.SLC16A4,8.109478
BT-20,FGFR.SLC16A4,28.17354
BT-549,FGFR.SLC16A4,-37.88861
CAMA-1,FGFR.SLC16A4,-7.385175
DU-4475,FGFR.SLC16A4,-27.75176
HCC1187,FGFR.SLC16A4,-3.527172
HCC1395,FGFR.SLC16A4,6.107714
HCC1428,FGFR.SLC16A4,-10.43832
HCC38,FGFR.SLC16A4,13.50662
HCC70,FGFR.SLC16A4,-13.2687
Hs-578-T,FGFR.SLC16A4,16.46946
MDA-MB-157,FGFR.SLC16A4,21.40012
MDA-MB-436,FGFR.SLC16A4,-9.461145
MDA-MB-453,FGFR.SLC16A4,-51.41712
BT-20,MAP2K_1.SLC16A4,14.30177
CAL-120,MAP2K_1.SLC16A4,3.876511
CAL-148,MAP2K_1.SLC16A4,30.3659
CAMA-1,MAP2K_1.SLC16A4,-22.20093
DU-4475,MAP2K_1.SLC16A4,2.882632
HCC1143,MAP2K_1.SLC16A4,1.357379
HCC1395,MAP2K_1.SLC16A4,23.11047
HCC1806,MAP2K_1.SLC16A4,20.66885
HCC38,MAP2K_1.SLC16A4,11.04773
Hs-578-T,MAP2K_1.SLC16A4,15.96133
MDA-MB-157,MAP2K_1.SLC16A4,26.04463
MDA-MB-436,MAP2K_1.SLC16A4,8.836613
BT-549,MTOR_1.SLC16A4,-13.05606
CAL-120,MTOR_1.SLC16A4,-8.942542
CAL-148,MTOR_1.SLC16A4,2.428465
DU-4475,MTOR_1.SLC16A4,-6.124153
HCC1143,MTOR_1.SLC16A4,-10.00178
HCC1428,MTOR_1.SLC16A4,2.413511
HCC38,MTOR_1.SLC16A4,-29.67223
HCC70,MTOR_1.SLC16A4,-9.897938
MDA-MB-157,MTOR_1.SLC16A4,-5.522929
MDA-MB-436,MTOR_1.SLC16A4,-2.881406
MDA-MB-453,MTOR_1.SLC16A4,-14.84701
MFM-223,MTOR_1.SLC16A4,-0.9842621
M14,MTOR_1.SLC16A4,-20.13516
CAL-120,PIK3CB_PIK3CD.SLC16A4,8.528798
CAL-148,PIK3CB_PIK3CD.SLC16A4,-22.35887
CAL-51,PIK3CB_PIK3CD.SLC16A4,11.13845
DU-4475,PIK3CB_PIK3CD.SLC16A4,-39.29797
HCC1143,PIK3CB_PIK3CD.SLC16A4,3.361126
HCC1187,PIK3CB_PIK3CD.SLC16A4,5.336116
HCC1395,PIK3CB_PIK3CD.SLC16A4,3.935983
HCC1806,PIK3CB_PIK3CD.SLC16A4,-0.3957757
HCC1937,PIK3CB_PIK3CD.SLC16A4,15.20795
HCC38,PIK3CB_PIK3CD.SLC16A4,-1.133418
HCC70,PIK3CB_PIK3CD.SLC16A4,12.66288
Hs-578-T,PIK3CB_PIK3CD.SLC16A4,10.72172
MDA-MB-436,PIK3CB_PIK3CD.SLC16A4,13.25013
C32,IGFR_3.TKI,-4.845865
HCT-116,IGFR_3.TKI,-49.38698
LS-513,IGFR_3.TKI,25.20136
RKO,IGFR_3.TKI,-19.0843
SW48,IGFR_3.TKI,41.05569
SW837,IGFR_3.TKI,19.76623
Calu-3,CSNK2A1_2.TNFSF10,1.802
NCI-H1299,CSNK2A1_2.TNFSF10,0.04781795
NCI-H1563,CSNK2A1_2.TNFSF10,0.963779
NCI-H2085,CSNK2A1_2.TNFSF10,6.329147
NCI-H2170,CSNK2A1_2.TNFSF10,-16.27782
NCI-H2228,CSNK2A1_2.TNFSF10,17.88657
NCI-H226,CSNK2A1_2.TNFSF10,37.45441
NCI-H2291,CSNK2A1_2.TNFSF10,-19.99862
NCI-H23,CSNK2A1_2.TNFSF10,-12.0481
NCI-H3122,CSNK2A1_2.TNFSF10,-7.164226
NCI-H358,CSNK2A1_2.TNFSF10,7.644483
NCI-H520,CSNK2A1_2.TNFSF10,-4.959348
NCI-H522,CSNK2A1_2.TNFSF10,34.45437
BT-549,AKT.TNKS_PARP6,-1.423423
CAL-148,AKT.TNKS_PARP6,11.96001
CAMA-1,AKT.TNKS_PARP6,32.40212
DU-4475,AKT.TNKS_PARP6,8.332856
HCC1187,AKT.TNKS_PARP6,16.31044
HCC1806,AKT.TNKS_PARP6,5.418103
HCC1937,AKT.TNKS_PARP6,52.92926
HCC38,AKT.TNKS_PARP6,26.93747
MDA-MB-157,AKT.TNKS_PARP6,13.26256
MDA-MB-453,AKT.TNKS_PARP6,28.43237
MDA-MB-468,AKT.TNKS_PARP6,6.330129
MFM-223,AKT.TNKS_PARP6,-9.763689
M14,AKT.TNKS_PARP6,26.30001
BT-20,FGFR.TNKS_PARP6,2.072074
CAL-148,FGFR.TNKS_PARP6,-6.953573
HCC1143,FGFR.TNKS_PARP6,0.5520839
HCC1187,FGFR.TNKS_PARP6,-0.5664
HCC1395,FGFR.TNKS_PARP6,9.977274
HCC1428,FGFR.TNKS_PARP6,-3.187302
HCC1806,FGFR.TNKS_PARP6,-1.040407
HCC1937,FGFR.TNKS_PARP6,21.77643
HCC38,FGFR.TNKS_PARP6,-34.06364
MDA-MB-157,FGFR.TNKS_PARP6,25.96628
MDA-MB-231,FGFR.TNKS_PARP6,2.327113
MDA-MB-453,FGFR.TNKS_PARP6,1.779814
M14,FGFR.TNKS_PARP6,3.64321
BT-20,MTOR_1.TNKS_PARP6,-0.6367973
CAL-120,MTOR_1.TNKS_PARP6,25.40705
CAMA-1,MTOR_1.TNKS_PARP6,0.3666923
HCC1187,MTOR_1.TNKS_PARP6,5.883256
HCC1395,MTOR_1.TNKS_PARP6,3.03363
HCC1428,MTOR_1.TNKS_PARP6,27.27083
HCC1937,MTOR_1.TNKS_PARP6,3.399323
HCC38,MTOR_1.TNKS_PARP6,-5.615545
HCC70,MTOR_1.TNKS_PARP6,15.86715
Hs-578-T,MTOR_1.TNKS_PARP6,3.433078
MDA-MB-436,MTOR_1.TNKS_PARP6,1.723741
MDA-MB-468,MTOR_1.TNKS_PARP6,12.70572
BT-549,PIK3CB_PIK3CD.TNKS_PARP6,2.721688
CAL-148,PIK3CB_PIK3CD.TNKS_PARP6,-8.93609
CAMA-1,PIK3CB_PIK3CD.TNKS_PARP6,37.88414
DU-4475,PIK3CB_PIK3CD.TNKS_PARP6,6.683709
HCC1143,PIK3CB_PIK3CD.TNKS_PARP6,15.75368
HCC1187,PIK3CB_PIK3CD.TNKS_PARP6,10.14969
HCC1395,PIK3CB_PIK3CD.TNKS_PARP6,3.065462
HCC1428,PIK3CB_PIK3CD.TNKS_PARP6,5.694801
HCC1937,PIK3CB_PIK3CD.TNKS_PARP6,16.36796
HCC70,PIK3CB_PIK3CD.TNKS_PARP6,29.35915
MDA-MB-157,PIK3CB_PIK3CD.TNKS_PARP6,1.742103
MDA-MB-231,PIK3CB_PIK3CD.TNKS_PARP6,14.18614
MDA-MB-453,PIK3CB_PIK3CD.TNKS_PARP6,36.68631
A549,ALK_2.TOP2,24.53776
Calu-3,ALK_2.TOP2,-9.617122
NCI-H1299,ALK_2.TOP2,25.34337
NCI-H1563,ALK_2.TOP2,-6.23809
NCI-H1793,ALK_2.TOP2,38.39177
NCI-H2085,ALK_2.TOP2,14.85956
NCI-H2170,ALK_2.TOP2,-69.59812
NCI-H226,ALK_2.TOP2,42.49975
NCI-H23,ALK_2.TOP2,9.824909
NCI-H3122,ALK_2.TOP2,73.32187
NCI-H520,ALK_2.TOP2,8.141865
NCI-H838,ALK_2.TOP2,88.16166
SW900,ALK_2.TOP2,-21.02149
A549,Doxorubicin.TOP2,56.57299
Calu-3,Doxorubicin.TOP2,16.88129
DMS-114,Doxorubicin.TOP2,49.99202
NCI-H1299,Doxorubicin.TOP2,46.35798
NCI-H1437,Doxorubicin.TOP2,-10.07995
NCI-H1563,Doxorubicin.TOP2,-2.529866
NCI-H1703,Doxorubicin.TOP2,26.5745
NCI-H2170,Doxorubicin.TOP2,-20.59936
NCI-H226,Doxorubicin.TOP2,25.39046
NCI-H2291,Doxorubicin.TOP2,39.05313
NCI-H23,Doxorubicin.TOP2,36.10596
NCI-H520,Doxorubicin.TOP2,32.95065
A549,BCL2L1.Vinorelbine,7.212933
Calu-3,BCL2L1.Vinorelbine,-22.58135
NCI-H1437,BCL2L1.Vinorelbine,38.93013
NCI-H1563,BCL2L1.Vinorelbine,-32.91013
NCI-H1793,BCL2L1.Vinorelbine,27.19964
NCI-H1975,BCL2L1.Vinorelbine,-6.124637
NCI-H2170,BCL2L1.Vinorelbine,35.46388
NCI-H2228,BCL2L1.Vinorelbine,17.36241
NCI-H358,BCL2L1.Vinorelbine,60.42145
NCI-H520,BCL2L1.Vinorelbine,-58.19742
NCI-H522,BCL2L1.Vinorelbine,38.09322
NCI-H838,BCL2L1.Vinorelbine,-95.1806
SW900,BCL2L1.Vinorelbine,33.86636
A549,BCL2_2.Vinorelbine,-5.017739
DMS-114,BCL2_2.Vinorelbine,5.001485
NCI-H1299,BCL2_2.Vinorelbine,16.40498
NCI-H1975,BCL2_2.Vinorelbine,-26.29248
NCI-H2170,BCL2_2.Vinorelbine,-101.5864
NCI-H2228,BCL2_2.Vinorelbine,-15.18214
NCI-H226,BCL2_2.Vinorelbine,3.517094
NCI-H2291,BCL2_2.Vinorelbine,2.004264
NCI-H3122,BCL2_2.Vinorelbine,-38.82546
NCI-H358,BCL2_2.Vinorelbine,7.780747
NCI-H522,BCL2_2.Vinorelbine,-16.24268
NCI-H838,BCL2_2.Vinorelbine,-121.6201
