Node,COLO205,SW48,LS123
Mutagenic,0,0,0
GFs,0,0,0
Nutrients,0,0,0
TNF-α,0,0,0
Hypoxia,0,0,0
TGF-β,0,-1,0
DNA_Damage,0,0,0
p53/Mdm2,0,0,0
AMP/ATP,0,0,0
NF1,0,0,0
PKC,0,0,0
RTK,0,1,0
RAGS,0,0,0
Ras,0,0,1
PI3K,0,1,0
PTEN,0,0,0
PIP3,0,0,0
PDK1,0,0,0
IKK,0,0,0
NF-κB,0,0,0
RAF,1,0,0
ERK-1/2,0,1,0
p90RSK,0,0,0
AKT,0,0,1
WNT,0,0,0
Dsh,0,0,0
APC,-1,0,-1
GSK-3,0,0,0
GSK-3/APC,0,0,0
β-catenin,0,1,0
Slug,0,0,0
mTOR,0,0,0
HIF1,0,0,0
COX412,0,0,0
VHL,0,0,0
PHDs,0,0,0
Myc/Max,0,0,0
Myc,0,0,1
Max,0,0,0
MXI1,0,0,0
TSC1/2,0,0,0
RHEB,0,0,0
p53,0,0,-1
Bcl-2,0,0,0
BAX,0,0,0
BAD,0,0,0
Bcl-XL,0,0,0
Rb,0,0,0
E2F,0,0,0
p14ARF,0,0,-1
CyclinA,0,0,0
CyclinB,0,0,0
CyclinD,1,0,1
CyclinE,0,0,0
cdh1,0,0,0
cdc20,0,0,0
UbcH10,0,0,0
p27,0,0,0
p21,0,0,0
Mdm2,0,0,0
Smad,-1,0,-1
Smad/Miz-1,-1,0,-1
Smad/E2F,0,0,0
p15,0,0,-1
FADD,0,0,0
Caspase8,0,0,0
Bak,0,0,0
JNK,0,0,0
FOXO,0,0,0
FosJun,0,0,0
ROS,0,0,0
AMPK,0,0,0
Cytoc/APAF1,0,0,0
Caspase9,0,0,0
Apoptosis,0,0,0
E-cadherin,0,0,0
Glut-1,0,0,0
hTERT,0,0,0
VEGF,0,0,0
E2F/CyclinE,0,0,0
cdh1/UbcH10,0,0,0
TAK1,0,0,0
GSH,0,0,0
TCF,0,0,0
Miz-1,0,0,0
Gli,0,0,0
p70,0,0,0
ATM/ATR,0,0,0
CHK1/2,0,0,0
DNA_Repair,0,-1,0
eEF2K,0,0,0
eEF2,0,0,0
p53/PTEN,0,0,0
LDHA,0,0,0
Acid_Lactic,0,0,0
Snail,0,0,0
